Picked At,Pick Number,Appearance,First Name,Last Name,Team,Position,Draft,Draft Entry,Draft Entry Fee,Draft Size,Draft Total Prizes,Tournament Title,Tournament,Tournament Entry Fee,Tournament Total Prizes,Tournament Size,Draft Pool Title,Draft Pool,Draft Pool Entry Fee,Draft Pool Total Prizes,Draft Pool Size,Weekly Winner Title,Weekly Winner,Weekly Winner Entry Fee,Weekly Winner Total Prizes,Weekly Winner Size
2026-01-28 00:54:41 UTC,229,5efbae7f-4fd9-45f3-b374-e7dbabd26412,Najee,Harris,LAC,RB,ecb65629-cbb5-4aed-980e-f5ab1d185ce0,74517ac1-f726-40d0-a1e6-026087b1a16a,,12,,The Little Board,bd240943-36bf-459c-9c89-7d70301a50ac,3.0,500000.0,189000,,,,,,,,,,
2026-02-01 15:16:48 UTC,229,5efbae7f-4fd9-45f3-b374-e7dbabd26412,Najee,Harris,LAC,RB,e3985829-d7ec-44d6-8028-ba04df25d1b4,abdf40e5-c953-47c5-a591-caad8c73c15f,,12,,The Big Board,20b6d363-f4e6-472a-be06-871d6b3e5a14,10.0,2000000.0,223200,,,,,,,,,,
2026-02-01 14:47:37 UTC,12,ef8f7b19-9e41-456e-889c-04843428131c,De'Von,Achane,MIA,RB,e3985829-d7ec-44d6-8028-ba04df25d1b4,abdf40e5-c953-47c5-a591-caad8c73c15f,,12,,The Big Board,20b6d363-f4e6-472a-be06-871d6b3e5a14,10.0,2000000.0,223200,,,,,,,,,,
2026-01-30 13:58:20 UTC,167,af9d15c0-f214-4bdd-9127-78092bf6ed93,Sean,Tucker,TB,RB,016e8908-e907-4c1c-883b-d736646ce60f,3c6a98ae-f55b-40f6-9f05-0bf7cb6f9c7f,,12,,The Big Board,20b6d363-f4e6-472a-be06-871d6b3e5a14,10.0,2000000.0,223200,,,,,,,,,,
2026-02-02 14:08:45 UTC,235,505fb836-83bf-42e9-b24d-510d7b2ecce0,Isaiah,Davis,NYJ,RB,38f305ad-70d7-4feb-8818-05d98a41b869,40794519-7680-4fc2-8771-5bff33279e18,,12,,The Big Board,20b6d363-f4e6-472a-be06-871d6b3e5a14,10.0,2000000.0,223200,,,,,,,,,,
2026-01-28 14:35:16 UTC,176,1fe6f38a-b63f-479a-939b-3dc73c8ffe79,Daniel,Jones,IND,QB,940ac931-599a-4035-81e5-79ee25688c62,c09305f6-fd86-4d9d-9f48-6c30decd59e0,,12,,The Big Board,20b6d363-f4e6-472a-be06-871d6b3e5a14,10.0,2000000.0,223200,,,,,,,,,,
2026-01-31 15:16:11 UTC,84,142fcc25-dca6-4ed8-b976-ef44d7a8051e,Alec,Pierce,IND,WR,5c26f432-5b60-4c94-828d-d48f63e00c83,85c38563-ed3e-4fff-903d-d71fa359f22d,,12,,The Big Board,20b6d363-f4e6-472a-be06-871d6b3e5a14,10.0,2000000.0,223200,,,,,,,,,,
2026-02-02 17:43:39 UTC,127,0ea40c7e-ccf1-4101-9605-b564d6ebdeef,KC,Concepcion,,WR,ca8cedf2-7b5c-497f-8e1b-c3def65730b7,b9acd3af-9a5f-4886-931b-635f7fd622b5,,12,,The Little Board,bd240943-36bf-459c-9c89-7d70301a50ac,3.0,500000.0,189000,,,,,,,,,,
2026-01-28 17:54:02 UTC,28,b7c774ea-6453-4fed-8770-0d8f95cff419,Derrick,Henry,BAL,RB,e8f4df1e-64d9-43f6-b5df-991ab592607b,1e7aa989-a3c6-4b56-8570-de971fad3cdd,,12,,The Little Board,bd240943-36bf-459c-9c89-7d70301a50ac,3.0,500000.0,189000,,,,,,,,,,
2026-01-29 14:32:00 UTC,135,8b9d0afa-ad57-445b-a29f-a8f4bd75b1b0,Deebo,Samuel,WAS,WR,43c249d9-11a2-46fb-a00f-ccc26c7ec9c8,ef901ff3-3bab-4208-a8ee-c0fb604f7308,,12,,The Big Board,20b6d363-f4e6-472a-be06-871d6b3e5a14,10.0,2000000.0,223200,,,,,,,,,,
2026-01-29 14:16:48 UTC,39,a79dba5d-c547-4640-a5c8-4aef963b18e4,Travis,Etienne Jr.,JAX,RB,43c249d9-11a2-46fb-a00f-ccc26c7ec9c8,ef901ff3-3bab-4208-a8ee-c0fb604f7308,,12,,The Big Board,20b6d363-f4e6-472a-be06-871d6b3e5a14,10.0,2000000.0,223200,,,,,,,,,,
2026-01-31 15:38:56 UTC,229,47d7d5b8-988b-4d42-8925-399f3bb6660a,Jordan,James,SF,RB,5c26f432-5b60-4c94-828d-d48f63e00c83,85c38563-ed3e-4fff-903d-d71fa359f22d,,12,,The Big Board,20b6d363-f4e6-472a-be06-871d6b3e5a14,10.0,2000000.0,223200,,,,,,,,,,
2026-01-26 13:11:28 UTC,88,b513cebe-64cd-4dd1-91b6-d7b9892b891f,Matthew,Stafford,LAR,QB,f5142e73-a601-46ad-86a4-4010d2a30bd3,9f40af1c-5ecf-4bb4-b4d1-aad58e2e2368,,12,,The Little Board,bd240943-36bf-459c-9c89-7d70301a50ac,3.0,500000.0,189000,,,,,,,,,,
2026-02-02 13:41:54 UTC,54,776df2a6-bc3c-4f42-9f57-aedcfc7b7b89,TreVeyon,Henderson,NE,RB,38f305ad-70d7-4feb-8818-05d98a41b869,40794519-7680-4fc2-8771-5bff33279e18,,12,,The Big Board,20b6d363-f4e6-472a-be06-871d6b3e5a14,10.0,2000000.0,223200,,,,,,,,,,
2026-02-02 17:42:01 UTC,114,62fa37cc-8a68-42e5-abe5-5bddd81891d8,Jayden,Reed,GB,WR,ca8cedf2-7b5c-497f-8e1b-c3def65730b7,b9acd3af-9a5f-4886-931b-635f7fd622b5,,12,,The Little Board,bd240943-36bf-459c-9c89-7d70301a50ac,3.0,500000.0,189000,,,,,,,,,,
2026-01-28 18:10:23 UTC,141,08ad7286-4527-47ca-aaf8-ece58260721f,Brandon,Aiyuk,SF,WR,e8f4df1e-64d9-43f6-b5df-991ab592607b,1e7aa989-a3c6-4b56-8570-de971fad3cdd,,12,,The Little Board,bd240943-36bf-459c-9c89-7d70301a50ac,3.0,500000.0,189000,,,,,,,,,,
2026-01-28 02:12:50 UTC,141,8db463f0-b707-4138-8478-12cf8cb837d0,Romeo,Doubs,GB,WR,eff292d5-2f28-4e7c-9a89-7b339f1eabcb,4da04a55-fc41-49d5-b1f6-264952312951,,12,,The Little Board,bd240943-36bf-459c-9c89-7d70301a50ac,3.0,500000.0,189000,,,,,,,,,,
2026-01-28 14:38:59 UTC,200,b7f3c255-0896-4b47-8b32-4ee1cf262c5b,Germie,Bernard,,WR,940ac931-599a-4035-81e5-79ee25688c62,c09305f6-fd86-4d9d-9f48-6c30decd59e0,,12,,The Big Board,20b6d363-f4e6-472a-be06-871d6b3e5a14,10.0,2000000.0,223200,,,,,,,,,,
2026-02-02 17:32:04 UTC,42,da3b7413-c653-46d4-abae-1b539138525f,Colston,Loveland,CHI,TE,ca8cedf2-7b5c-497f-8e1b-c3def65730b7,b9acd3af-9a5f-4886-931b-635f7fd622b5,,12,,The Little Board,bd240943-36bf-459c-9c89-7d70301a50ac,3.0,500000.0,189000,,,,,,,,,,
2026-01-29 14:31:09 UTC,130,ac500226-924a-43c0-ac8c-069e9e6828fb,Kaytron,Allen,,RB,43c249d9-11a2-46fb-a00f-ccc26c7ec9c8,ef901ff3-3bab-4208-a8ee-c0fb604f7308,,12,,The Big Board,20b6d363-f4e6-472a-be06-871d6b3e5a14,10.0,2000000.0,223200,,,,,,,,,,
2026-01-27 19:17:24 UTC,221,f664cfe3-c377-4cc9-89b4-8cc2938ea033,Ollie,Gordon,MIA,RB,f460750b-cac6-4de2-89a8-1c7e30e9d096,9f7b9910-d3cf-484d-8813-a10d6e93b9b0,,12,,The Little Board,bd240943-36bf-459c-9c89-7d70301a50ac,3.0,500000.0,189000,,,,,,,,,,
2026-01-27 13:36:35 UTC,80,006dd79c-dead-4677-8d43-3b699d57d7c7,Trevor,Lawrence,JAX,QB,f3fbc51f-fb4e-46e7-974f-4426e6480ea6,90c1eac1-4f1b-462a-a899-5e49b8c062f7,,12,,The Little Board,bd240943-36bf-459c-9c89-7d70301a50ac,3.0,500000.0,189000,,,,,,,,,,
2026-01-29 14:27:19 UTC,106,493029ea-6559-4da5-b912-89b4bc5a0fa0,Rico,Dowdle,CAR,RB,43c249d9-11a2-46fb-a00f-ccc26c7ec9c8,ef901ff3-3bab-4208-a8ee-c0fb604f7308,,12,,The Big Board,20b6d363-f4e6-472a-be06-871d6b3e5a14,10.0,2000000.0,223200,,,,,,,,,,
2026-01-28 02:09:15 UTC,117,4e6563d4-e35d-427c-a4c6-031f5aca04b4,Jordan,Love,GB,QB,eff292d5-2f28-4e7c-9a89-7b339f1eabcb,4da04a55-fc41-49d5-b1f6-264952312951,,12,,The Little Board,bd240943-36bf-459c-9c89-7d70301a50ac,3.0,500000.0,189000,,,,,,,,,,
2026-02-03 14:25:42 UTC,75,afb04f45-45eb-4105-846b-2c0067fc25af,Marvin,Harrison,ARI,WR,e4d67d9b-bd69-4477-93d2-8581ee56352f,7d9a5107-4b02-4439-a9bc-35411fbfd678,,12,,The Big Board,20b6d363-f4e6-472a-be06-871d6b3e5a14,10.0,2000000.0,223200,,,,,,,,,,
2026-01-27 13:48:04 UTC,161,30fb79f0-b3cb-416b-b641-512fc05272c7,Mark,Andrews,BAL,TE,f3fbc51f-fb4e-46e7-974f-4426e6480ea6,90c1eac1-4f1b-462a-a899-5e49b8c062f7,,12,,The Little Board,bd240943-36bf-459c-9c89-7d70301a50ac,3.0,500000.0,189000,,,,,,,,,,
2026-01-30 13:50:46 UTC,119,cc800aec-c493-47cc-a0b5-cd25943b723d,Jacory,Croskey-Merritt,WAS,RB,016e8908-e907-4c1c-883b-d736646ce60f,3c6a98ae-f55b-40f6-9f05-0bf7cb6f9c7f,,12,,The Big Board,20b6d363-f4e6-472a-be06-871d6b3e5a14,10.0,2000000.0,223200,,,,,,,,,,
2026-02-02 17:55:07 UTC,199,01a7c7e6-871d-4ba5-a1fc-edf1ff0ad908,Kaleb,Johnson,PIT,RB,ca8cedf2-7b5c-497f-8e1b-c3def65730b7,b9acd3af-9a5f-4886-931b-635f7fd622b5,,12,,The Little Board,bd240943-36bf-459c-9c89-7d70301a50ac,3.0,500000.0,189000,,,,,,,,,,
2026-02-03 13:42:42 UTC,82,8f0f38c0-e0e8-49ae-b633-1aeabf20d410,Jaxson,Dart,NYG,QB,461d0180-1994-4801-84aa-b361a3a6e221,04e986ac-1577-4f4f-9e5b-be02d5af6368,,12,,The Big Board,20b6d363-f4e6-472a-be06-871d6b3e5a14,10.0,2000000.0,223200,,,,,,,,,,
2026-02-02 13:55:16 UTC,139,986b518f-b4c2-4484-ade1-08e4e646163b,J.K.,Dobbins,DEN,RB,38f305ad-70d7-4feb-8818-05d98a41b869,40794519-7680-4fc2-8771-5bff33279e18,,12,,The Big Board,20b6d363-f4e6-472a-be06-871d6b3e5a14,10.0,2000000.0,223200,,,,,,,,,,
2026-01-26 18:24:05 UTC,105,05bfd392-b930-4ab8-b865-3200be7032ec,Denzel,Boston,,WR,f7bd64c1-3935-423c-badb-1aa37a75ca6d,385fa962-b93a-4357-9338-7cba9a5b2826,,12,,The Little Board,bd240943-36bf-459c-9c89-7d70301a50ac,3.0,500000.0,189000,,,,,,,,,,
2026-01-26 18:20:06 UTC,81,2b0c8b6a-44fc-49b0-8db9-d63bac8b142b,Jalen,Hurts,PHI,QB,f7bd64c1-3935-423c-badb-1aa37a75ca6d,385fa962-b93a-4357-9338-7cba9a5b2826,,12,,The Little Board,bd240943-36bf-459c-9c89-7d70301a50ac,3.0,500000.0,189000,,,,,,,,,,
2026-01-28 02:21:29 UTC,196,7d4a34b2-a0df-467f-bc7c-06cf8d8eb5e9,Zachariah,Branch,,WR,eff292d5-2f28-4e7c-9a89-7b339f1eabcb,4da04a55-fc41-49d5-b1f6-264952312951,,12,,The Little Board,bd240943-36bf-459c-9c89-7d70301a50ac,3.0,500000.0,189000,,,,,,,,,,
2026-01-28 00:40:59 UTC,132,d866415f-1e04-46b0-b3c8-a7dcfcf10fb0,Jayden,Higgins,HOU,WR,ecb65629-cbb5-4aed-980e-f5ab1d185ce0,74517ac1-f726-40d0-a1e6-026087b1a16a,,12,,The Little Board,bd240943-36bf-459c-9c89-7d70301a50ac,3.0,500000.0,189000,,,,,,,,,,
2026-01-26 13:10:49 UTC,81,cd2ef29a-f0ec-4c35-8ff9-7008459c9ea2,Stefon,Diggs,NE,WR,f5142e73-a601-46ad-86a4-4010d2a30bd3,9f40af1c-5ecf-4bb4-b4d1-aad58e2e2368,,12,,The Little Board,bd240943-36bf-459c-9c89-7d70301a50ac,3.0,500000.0,189000,,,,,,,,,,
2026-01-31 13:32:44 UTC,183,4aa469a8-84ad-4ffe-ab99-f9da87d7e315,David,Njoku,CLE,TE,da80ae8b-be4e-4786-be12-acc8a8c25c7b,7216ec13-3cbc-433e-994d-566d8ed839c2,,12,,The Little Board,bd240943-36bf-459c-9c89-7d70301a50ac,3.0,500000.0,189000,,,,,,,,,,
2026-01-27 18:56:34 UTC,101,493029ea-6559-4da5-b912-89b4bc5a0fa0,Rico,Dowdle,CAR,RB,f460750b-cac6-4de2-89a8-1c7e30e9d096,9f7b9910-d3cf-484d-8813-a10d6e93b9b0,,12,,The Little Board,bd240943-36bf-459c-9c89-7d70301a50ac,3.0,500000.0,189000,,,,,,,,,,
2026-02-02 17:37:12 UTC,79,e245a361-7d5e-43d6-9ed0-f17469b25459,Ricky,Pearsall,SF,WR,ca8cedf2-7b5c-497f-8e1b-c3def65730b7,b9acd3af-9a5f-4886-931b-635f7fd622b5,,12,,The Little Board,bd240943-36bf-459c-9c89-7d70301a50ac,3.0,500000.0,189000,,,,,,,,,,
2026-01-28 02:18:20 UTC,172,9521bc5b-33fd-4600-b4f2-05a67a6c540c,Tank,Dell,HOU,WR,eff292d5-2f28-4e7c-9a89-7b339f1eabcb,4da04a55-fc41-49d5-b1f6-264952312951,,12,,The Little Board,bd240943-36bf-459c-9c89-7d70301a50ac,3.0,500000.0,189000,,,,,,,,,,
2026-01-27 18:54:57 UTC,92,477f07a5-011c-47be-b821-1c5cda725225,Patrick,Mahomes,KC,QB,f460750b-cac6-4de2-89a8-1c7e30e9d096,9f7b9910-d3cf-484d-8813-a10d6e93b9b0,,12,,The Little Board,bd240943-36bf-459c-9c89-7d70301a50ac,3.0,500000.0,189000,,,,,,,,,,
2026-01-29 14:28:27 UTC,111,460568e9-21fb-4030-9a36-276f0dafb22f,Dallas,Goedert,PHI,TE,43c249d9-11a2-46fb-a00f-ccc26c7ec9c8,ef901ff3-3bab-4208-a8ee-c0fb604f7308,,12,,The Big Board,20b6d363-f4e6-472a-be06-871d6b3e5a14,10.0,2000000.0,223200,,,,,,,,,,
2026-02-03 14:32:55 UTC,123,386c2f4c-5b7e-4244-af32-c9e80cc9c5cb,Jonah,Coleman,,RB,e4d67d9b-bd69-4477-93d2-8581ee56352f,7d9a5107-4b02-4439-a9bc-35411fbfd678,,12,,The Big Board,20b6d363-f4e6-472a-be06-871d6b3e5a14,10.0,2000000.0,223200,,,,,,,,,,
2026-01-31 13:39:14 UTC,226,1a23b2a2-60be-45d1-86c6-9d10318a2089,Adam,Randall,,RB,da80ae8b-be4e-4786-be12-acc8a8c25c7b,7216ec13-3cbc-433e-994d-566d8ed839c2,,12,,The Little Board,bd240943-36bf-459c-9c89-7d70301a50ac,3.0,500000.0,189000,,,,,,,,,,
2026-02-02 13:53:36 UTC,126,67207524-894f-453a-8fa4-44bf33b5703b,Tyler,Shough,NO,QB,38f305ad-70d7-4feb-8818-05d98a41b869,40794519-7680-4fc2-8771-5bff33279e18,,12,,The Big Board,20b6d363-f4e6-472a-be06-871d6b3e5a14,10.0,2000000.0,223200,,,,,,,,,,
2026-01-28 00:21:08 UTC,12,ef8f7b19-9e41-456e-889c-04843428131c,De'Von,Achane,MIA,RB,ecb65629-cbb5-4aed-980e-f5ab1d185ce0,74517ac1-f726-40d0-a1e6-026087b1a16a,,12,,The Little Board,bd240943-36bf-459c-9c89-7d70301a50ac,3.0,500000.0,189000,,,,,,,,,,
2026-01-26 13:03:35 UTC,40,883d04b7-c2c5-46c6-84da-964aae8343a5,Davante,Adams,LAR,WR,f5142e73-a601-46ad-86a4-4010d2a30bd3,9f40af1c-5ecf-4bb4-b4d1-aad58e2e2368,,12,,The Little Board,bd240943-36bf-459c-9c89-7d70301a50ac,3.0,500000.0,189000,,,,,,,,,,
2026-01-27 18:52:28 UTC,77,478e4a40-0dcd-4a43-b26b-6ad4cd315727,Quentin,Johnston,LAC,WR,f460750b-cac6-4de2-89a8-1c7e30e9d096,9f7b9910-d3cf-484d-8813-a10d6e93b9b0,,12,,The Little Board,bd240943-36bf-459c-9c89-7d70301a50ac,3.0,500000.0,189000,,,,,,,,,,
2026-02-03 13:47:29 UTC,111,cda0431e-d6d2-426b-ab35-75dc958e20fe,Baker,Mayfield,TB,QB,461d0180-1994-4801-84aa-b361a3a6e221,04e986ac-1577-4f4f-9e5b-be02d5af6368,,12,,The Big Board,20b6d363-f4e6-472a-be06-871d6b3e5a14,10.0,2000000.0,223200,,,,,,,,,,
2026-01-27 18:59:25 UTC,116,d09dca3c-77d3-4d9f-bb11-e27826513dd9,Elijah,Sarratt,,WR,f460750b-cac6-4de2-89a8-1c7e30e9d096,9f7b9910-d3cf-484d-8813-a10d6e93b9b0,,12,,The Little Board,bd240943-36bf-459c-9c89-7d70301a50ac,3.0,500000.0,189000,,,,,,,,,,
2026-02-02 14:06:23 UTC,222,c3805b3e-a03c-432c-97ed-7035884534ad,Brashard,Smith,KC,RB,38f305ad-70d7-4feb-8818-05d98a41b869,40794519-7680-4fc2-8771-5bff33279e18,,12,,The Big Board,20b6d363-f4e6-472a-be06-871d6b3e5a14,10.0,2000000.0,223200,,,,,,,,,,
2026-01-31 15:12:33 UTC,60,4b2e2806-278b-406c-8e90-d75636ea6950,Carnell,Tate,,WR,5c26f432-5b60-4c94-828d-d48f63e00c83,85c38563-ed3e-4fff-903d-d71fa359f22d,,12,,The Big Board,20b6d363-f4e6-472a-be06-871d6b3e5a14,10.0,2000000.0,223200,,,,,,,,,,
2026-01-28 00:47:35 UTC,181,64d033c2-2401-4f22-8244-a19610338546,Nicholas,Singleton,,RB,ecb65629-cbb5-4aed-980e-f5ab1d185ce0,74517ac1-f726-40d0-a1e6-026087b1a16a,,12,,The Little Board,bd240943-36bf-459c-9c89-7d70301a50ac,3.0,500000.0,189000,,,,,,,,,,
2026-02-02 13:50:15 UTC,102,0c3af97a-d800-4e73-aa0d-7eaa10d9aa91,Xavier,Worthy,KC,WR,38f305ad-70d7-4feb-8818-05d98a41b869,40794519-7680-4fc2-8771-5bff33279e18,,12,,The Big Board,20b6d363-f4e6-472a-be06-871d6b3e5a14,10.0,2000000.0,223200,,,,,,,,,,
2026-01-31 15:38:47 UTC,228,577d1148-51f9-499a-b885-856a9d29af76,Mike,Washington Jr.,,RB,5c26f432-5b60-4c94-828d-d48f63e00c83,85c38563-ed3e-4fff-903d-d71fa359f22d,,12,,The Big Board,20b6d363-f4e6-472a-be06-871d6b3e5a14,10.0,2000000.0,223200,,,,,,,,,,
2026-01-28 14:20:52 UTC,80,478e4a40-0dcd-4a43-b26b-6ad4cd315727,Quentin,Johnston,LAC,WR,940ac931-599a-4035-81e5-79ee25688c62,c09305f6-fd86-4d9d-9f48-6c30decd59e0,,12,,The Big Board,20b6d363-f4e6-472a-be06-871d6b3e5a14,10.0,2000000.0,223200,,,,,,,,,,
2026-01-30 14:18:15 UTC,33,3059d122-5f7d-4cd6-bb6b-9aa1b0d70807,Tetairoa,McMillan,CAR,WR,deef49cc-6d4e-4308-8f8e-39fa99201fe3,127ee0f3-02a7-4b1f-a976-460dea99faab,,12,,The Little Board,bd240943-36bf-459c-9c89-7d70301a50ac,3.0,500000.0,189000,,,,,,,,,,
2026-02-03 14:46:38 UTC,214,82392c97-a8fd-4cdb-9e8a-f47a9b1fde8d,Devaughn,Vele,NO,WR,e4d67d9b-bd69-4477-93d2-8581ee56352f,7d9a5107-4b02-4439-a9bc-35411fbfd678,,12,,The Big Board,20b6d363-f4e6-472a-be06-871d6b3e5a14,10.0,2000000.0,223200,,,,,,,,,,
2026-01-28 02:00:53 UTC,69,da5d7bd7-231b-4dad-853e-e4b9397c2fb6,Rhamondre,Stevenson,NE,RB,eff292d5-2f28-4e7c-9a89-7b339f1eabcb,4da04a55-fc41-49d5-b1f6-264952312951,,12,,The Little Board,bd240943-36bf-459c-9c89-7d70301a50ac,3.0,500000.0,189000,,,,,,,,,,
2026-01-30 14:09:33 UTC,239,82392c97-a8fd-4cdb-9e8a-f47a9b1fde8d,Devaughn,Vele,NO,WR,016e8908-e907-4c1c-883b-d736646ce60f,3c6a98ae-f55b-40f6-9f05-0bf7cb6f9c7f,,12,,The Big Board,20b6d363-f4e6-472a-be06-871d6b3e5a14,10.0,2000000.0,223200,,,,,,,,,,
2026-01-28 14:11:51 UTC,17,9b6dc124-da44-441e-88b0-ca699dfe3be3,Malik,Nabers,NYG,WR,940ac931-599a-4035-81e5-79ee25688c62,c09305f6-fd86-4d9d-9f48-6c30decd59e0,,12,,The Big Board,20b6d363-f4e6-472a-be06-871d6b3e5a14,10.0,2000000.0,223200,,,,,,,,,,
2026-01-27 18:47:57 UTC,53,29cacb1d-6e97-46da-8fb2-96ddeeb47e4b,D'Andre,Swift,CHI,RB,f460750b-cac6-4de2-89a8-1c7e30e9d096,9f7b9910-d3cf-484d-8813-a10d6e93b9b0,,12,,The Little Board,bd240943-36bf-459c-9c89-7d70301a50ac,3.0,500000.0,189000,,,,,,,,,,
2026-01-26 18:17:19 UTC,64,0ff52391-4651-425a-9e07-8caa26ef37f2,Jordyn,Tyson,,WR,f7bd64c1-3935-423c-badb-1aa37a75ca6d,385fa962-b93a-4357-9338-7cba9a5b2826,,12,,The Little Board,bd240943-36bf-459c-9c89-7d70301a50ac,3.0,500000.0,189000,,,,,,,,,,
2026-02-01 15:16:46 UTC,228,4db220ca-0d11-4a0a-8c0a-5f5d839a6695,Omar,Cooper Jr.,,WR,e3985829-d7ec-44d6-8028-ba04df25d1b4,abdf40e5-c953-47c5-a591-caad8c73c15f,,12,,The Big Board,20b6d363-f4e6-472a-be06-871d6b3e5a14,10.0,2000000.0,223200,,,,,,,,,,
2026-01-26 18:09:14 UTC,9,a4cde3b6-aafd-4dc5-a553-dd18731672c6,CeeDee,Lamb,DAL,WR,f7bd64c1-3935-423c-badb-1aa37a75ca6d,385fa962-b93a-4357-9338-7cba9a5b2826,,12,,The Little Board,bd240943-36bf-459c-9c89-7d70301a50ac,3.0,500000.0,189000,,,,,,,,,,
2026-01-29 14:12:14 UTC,10,b4ef5d2e-dc01-4891-94bb-1014c7ad3ef5,Amon-Ra,St. Brown,DET,WR,43c249d9-11a2-46fb-a00f-ccc26c7ec9c8,ef901ff3-3bab-4208-a8ee-c0fb604f7308,,12,,The Big Board,20b6d363-f4e6-472a-be06-871d6b3e5a14,10.0,2000000.0,223200,,,,,,,,,,
2026-01-28 00:51:31 UTC,205,a4efd449-c8a6-41df-9aaa-09bda0476181,Rashod,Bateman,BAL,WR,ecb65629-cbb5-4aed-980e-f5ab1d185ce0,74517ac1-f726-40d0-a1e6-026087b1a16a,,12,,The Little Board,bd240943-36bf-459c-9c89-7d70301a50ac,3.0,500000.0,189000,,,,,,,,,,
2026-02-01 15:01:17 UTC,108,f862802a-77a6-4ed7-b299-fd7dd82b5116,Jadarian,Price,,RB,e3985829-d7ec-44d6-8028-ba04df25d1b4,abdf40e5-c953-47c5-a591-caad8c73c15f,,12,,The Big Board,20b6d363-f4e6-472a-be06-871d6b3e5a14,10.0,2000000.0,223200,,,,,,,,,,
2026-01-30 14:15:52 UTC,16,9b6dc124-da44-441e-88b0-ca699dfe3be3,Malik,Nabers,NYG,WR,deef49cc-6d4e-4308-8f8e-39fa99201fe3,127ee0f3-02a7-4b1f-a976-460dea99faab,,12,,The Little Board,bd240943-36bf-459c-9c89-7d70301a50ac,3.0,500000.0,189000,,,,,,,,,,
2026-01-28 18:01:04 UTC,76,142fcc25-dca6-4ed8-b976-ef44d7a8051e,Alec,Pierce,IND,WR,e8f4df1e-64d9-43f6-b5df-991ab592607b,1e7aa989-a3c6-4b56-8570-de971fad3cdd,,12,,The Little Board,bd240943-36bf-459c-9c89-7d70301a50ac,3.0,500000.0,189000,,,,,,,,,,
2026-01-30 13:50:59 UTC,122,d866415f-1e04-46b0-b3c8-a7dcfcf10fb0,Jayden,Higgins,HOU,WR,016e8908-e907-4c1c-883b-d736646ce60f,3c6a98ae-f55b-40f6-9f05-0bf7cb6f9c7f,,12,,The Big Board,20b6d363-f4e6-472a-be06-871d6b3e5a14,10.0,2000000.0,223200,,,,,,,,,,
2026-01-26 13:21:47 UTC,160,986b518f-b4c2-4484-ade1-08e4e646163b,J.K.,Dobbins,DEN,RB,f5142e73-a601-46ad-86a4-4010d2a30bd3,9f40af1c-5ecf-4bb4-b4d1-aad58e2e2368,,12,,The Little Board,bd240943-36bf-459c-9c89-7d70301a50ac,3.0,500000.0,189000,,,,,,,,,,
2026-01-28 14:10:49 UTC,8,c3ac9e53-e016-45e7-863a-e109a88eaee2,James,Cook,BUF,RB,940ac931-599a-4035-81e5-79ee25688c62,c09305f6-fd86-4d9d-9f48-6c30decd59e0,,12,,The Big Board,20b6d363-f4e6-472a-be06-871d6b3e5a14,10.0,2000000.0,223200,,,,,,,,,,
2026-01-28 18:19:16 UTC,196,dd50cff2-b976-4a57-9c97-959792acc677,Kyle,Williams,NE,WR,e8f4df1e-64d9-43f6-b5df-991ab592607b,1e7aa989-a3c6-4b56-8570-de971fad3cdd,,12,,The Little Board,bd240943-36bf-459c-9c89-7d70301a50ac,3.0,500000.0,189000,,,,,,,,,,
2026-02-02 17:27:57 UTC,18,9c056ba5-502c-4584-85e2-e605ff46b47a,Saquon,Barkley,PHI,RB,ca8cedf2-7b5c-497f-8e1b-c3def65730b7,b9acd3af-9a5f-4886-931b-635f7fd622b5,,12,,The Little Board,bd240943-36bf-459c-9c89-7d70301a50ac,3.0,500000.0,189000,,,,,,,,,,
2026-01-27 18:39:00 UTC,5,93457447-77e6-4549-9b82-e31a83dbafef,Ja'Marr,Chase,CIN,WR,f460750b-cac6-4de2-89a8-1c7e30e9d096,9f7b9910-d3cf-484d-8813-a10d6e93b9b0,,12,,The Little Board,bd240943-36bf-459c-9c89-7d70301a50ac,3.0,500000.0,189000,,,,,,,,,,
2026-01-31 13:09:39 UTC,39,c2e0cdc1-6c9f-4580-9092-7f921e74a03e,Kyren,Williams,LAR,RB,da80ae8b-be4e-4786-be12-acc8a8c25c7b,7216ec13-3cbc-433e-994d-566d8ed839c2,,12,,The Little Board,bd240943-36bf-459c-9c89-7d70301a50ac,3.0,500000.0,189000,,,,,,,,,,
2026-01-27 13:55:08 UTC,209,f5c3b5dd-014c-48cc-9244-f06aea227153,Jack,Bech,LV,WR,f3fbc51f-fb4e-46e7-974f-4426e6480ea6,90c1eac1-4f1b-462a-a899-5e49b8c062f7,,12,,The Little Board,bd240943-36bf-459c-9c89-7d70301a50ac,3.0,500000.0,189000,,,,,,,,,,
2026-02-02 14:02:53 UTC,198,e1d1b6a6-bdb6-4b4b-85e0-5e2e13f522c3,Keaton,Mitchell,BAL,RB,38f305ad-70d7-4feb-8818-05d98a41b869,40794519-7680-4fc2-8771-5bff33279e18,,12,,The Big Board,20b6d363-f4e6-472a-be06-871d6b3e5a14,10.0,2000000.0,223200,,,,,,,,,,
2026-01-28 02:13:50 UTC,148,30fb79f0-b3cb-416b-b641-512fc05272c7,Mark,Andrews,BAL,TE,eff292d5-2f28-4e7c-9a89-7b339f1eabcb,4da04a55-fc41-49d5-b1f6-264952312951,,12,,The Little Board,bd240943-36bf-459c-9c89-7d70301a50ac,3.0,500000.0,189000,,,,,,,,,,
2026-01-30 14:14:50 UTC,9,d0ee72eb-4443-41aa-889f-a24475b7db74,Jonathan,Taylor,IND,RB,deef49cc-6d4e-4308-8f8e-39fa99201fe3,127ee0f3-02a7-4b1f-a976-460dea99faab,,12,,The Little Board,bd240943-36bf-459c-9c89-7d70301a50ac,3.0,500000.0,189000,,,,,,,,,,
2026-01-27 18:46:35 UTC,44,839ae7c3-b8bb-4049-94d0-abb4c41835fd,RJ,Harvey,DEN,RB,f460750b-cac6-4de2-89a8-1c7e30e9d096,9f7b9910-d3cf-484d-8813-a10d6e93b9b0,,12,,The Little Board,bd240943-36bf-459c-9c89-7d70301a50ac,3.0,500000.0,189000,,,,,,,,,,
2026-01-27 13:50:07 UTC,176,9c6f1230-984f-4ef5-881f-bcf9c005f913,Ja'Kobi,Lane,,WR,f3fbc51f-fb4e-46e7-974f-4426e6480ea6,90c1eac1-4f1b-462a-a899-5e49b8c062f7,,12,,The Little Board,bd240943-36bf-459c-9c89-7d70301a50ac,3.0,500000.0,189000,,,,,,,,,,
2026-01-26 18:34:52 UTC,177,8951e1bb-aed2-40ff-9f40-f09197f7ffd2,Adonai,Mitchell,NYJ,WR,f7bd64c1-3935-423c-badb-1aa37a75ca6d,385fa962-b93a-4357-9338-7cba9a5b2826,,12,,The Little Board,bd240943-36bf-459c-9c89-7d70301a50ac,3.0,500000.0,189000,,,,,,,,,,
2026-01-30 13:42:33 UTC,71,ed1c88f0-ae86-4b31-91d8-177b0aae730d,Tyler,Warren,IND,TE,016e8908-e907-4c1c-883b-d736646ce60f,3c6a98ae-f55b-40f6-9f05-0bf7cb6f9c7f,,12,,The Big Board,20b6d363-f4e6-472a-be06-871d6b3e5a14,10.0,2000000.0,223200,,,,,,,,,,
2026-02-02 17:25:58 UTC,7,d0ee72eb-4443-41aa-889f-a24475b7db74,Jonathan,Taylor,IND,RB,ca8cedf2-7b5c-497f-8e1b-c3def65730b7,b9acd3af-9a5f-4886-931b-635f7fd622b5,,12,,The Little Board,bd240943-36bf-459c-9c89-7d70301a50ac,3.0,500000.0,189000,,,,,,,,,,
2026-01-26 13:23:50 UTC,177,4f2c8803-164f-49bf-942d-ee6fc30c45da,Malik,Willis,GB,QB,f5142e73-a601-46ad-86a4-4010d2a30bd3,9f40af1c-5ecf-4bb4-b4d1-aad58e2e2368,,12,,The Little Board,bd240943-36bf-459c-9c89-7d70301a50ac,3.0,500000.0,189000,,,,,,,,,,
2026-01-28 02:04:55 UTC,93,d1284cb3-7f71-4d90-974d-ebbdcabdf985,Tucker,Kraft,GB,TE,eff292d5-2f28-4e7c-9a89-7b339f1eabcb,4da04a55-fc41-49d5-b1f6-264952312951,,12,,The Little Board,bd240943-36bf-459c-9c89-7d70301a50ac,3.0,500000.0,189000,,,,,,,,,,
2026-01-29 14:39:15 UTC,178,fc569b39-da9b-4491-88a8-888f94ac25e0,Isaiah,Likely,BAL,TE,43c249d9-11a2-46fb-a00f-ccc26c7ec9c8,ef901ff3-3bab-4208-a8ee-c0fb604f7308,,12,,The Big Board,20b6d363-f4e6-472a-be06-871d6b3e5a14,10.0,2000000.0,223200,,,,,,,,,,
2026-01-29 14:15:54 UTC,34,304e1943-e0ce-405e-ac05-1cc99c255fdb,Kenneth,Walker III,SEA,RB,43c249d9-11a2-46fb-a00f-ccc26c7ec9c8,ef901ff3-3bab-4208-a8ee-c0fb604f7308,,12,,The Big Board,20b6d363-f4e6-472a-be06-871d6b3e5a14,10.0,2000000.0,223200,,,,,,,,,,
2026-01-28 14:27:44 UTC,128,dbe7b16f-647e-4e19-a15b-2c885cede6b3,Kenneth,Gainwell,PIT,RB,940ac931-599a-4035-81e5-79ee25688c62,c09305f6-fd86-4d9d-9f48-6c30decd59e0,,12,,The Big Board,20b6d363-f4e6-472a-be06-871d6b3e5a14,10.0,2000000.0,223200,,,,,,,,,,
2026-01-27 13:43:49 UTC,128,cda0431e-d6d2-426b-ab35-75dc958e20fe,Baker,Mayfield,TB,QB,f3fbc51f-fb4e-46e7-974f-4426e6480ea6,90c1eac1-4f1b-462a-a899-5e49b8c062f7,,12,,The Little Board,bd240943-36bf-459c-9c89-7d70301a50ac,3.0,500000.0,189000,,,,,,,,,,
2026-02-02 17:33:35 UTC,55,4b2e2806-278b-406c-8e90-d75636ea6950,Carnell,Tate,,WR,ca8cedf2-7b5c-497f-8e1b-c3def65730b7,b9acd3af-9a5f-4886-931b-635f7fd622b5,,12,,The Little Board,bd240943-36bf-459c-9c89-7d70301a50ac,3.0,500000.0,189000,,,,,,,,,,
2026-01-28 00:51:20 UTC,204,b7f3c255-0896-4b47-8b32-4ee1cf262c5b,Germie,Bernard,,WR,ecb65629-cbb5-4aed-980e-f5ab1d185ce0,74517ac1-f726-40d0-a1e6-026087b1a16a,,12,,The Little Board,bd240943-36bf-459c-9c89-7d70301a50ac,3.0,500000.0,189000,,,,,,,,,,
2026-01-26 18:10:07 UTC,16,e43d5588-5eec-4ba9-9234-f4a2d4c734a0,Drake,London,ATL,WR,f7bd64c1-3935-423c-badb-1aa37a75ca6d,385fa962-b93a-4357-9338-7cba9a5b2826,,12,,The Little Board,bd240943-36bf-459c-9c89-7d70301a50ac,3.0,500000.0,189000,,,,,,,,,,
2026-01-28 14:24:07 UTC,104,4b164dc3-27c3-47d3-8013-a529aada045a,Dalton,Kincaid,BUF,TE,940ac931-599a-4035-81e5-79ee25688c62,c09305f6-fd86-4d9d-9f48-6c30decd59e0,,12,,The Big Board,20b6d363-f4e6-472a-be06-871d6b3e5a14,10.0,2000000.0,223200,,,,,,,,,,
2026-01-28 18:03:24 UTC,93,05bfd392-b930-4ab8-b865-3200be7032ec,Denzel,Boston,,WR,e8f4df1e-64d9-43f6-b5df-991ab592607b,1e7aa989-a3c6-4b56-8570-de971fad3cdd,,12,,The Little Board,bd240943-36bf-459c-9c89-7d70301a50ac,3.0,500000.0,189000,,,,,,,,,,
2026-02-03 14:39:44 UTC,166,b4666b55-231e-4d43-9da1-bbf9a8ee45c8,Rashid,Shaheed,SEA,WR,e4d67d9b-bd69-4477-93d2-8581ee56352f,7d9a5107-4b02-4439-a9bc-35411fbfd678,,12,,The Big Board,20b6d363-f4e6-472a-be06-871d6b3e5a14,10.0,2000000.0,223200,,,,,,,,,,
2026-01-26 13:24:45 UTC,184,a66ec7fc-58bb-4cd1-9f45-bf10c950ff11,Travis,Kelce,KC,TE,f5142e73-a601-46ad-86a4-4010d2a30bd3,9f40af1c-5ecf-4bb4-b4d1-aad58e2e2368,,12,,The Little Board,bd240943-36bf-459c-9c89-7d70301a50ac,3.0,500000.0,189000,,,,,,,,,,
2026-02-01 15:07:20 UTC,156,a586d9bf-05b3-4f40-a43a-9c03e3994050,Jordan,Mason,MIN,RB,e3985829-d7ec-44d6-8028-ba04df25d1b4,abdf40e5-c953-47c5-a591-caad8c73c15f,,12,,The Big Board,20b6d363-f4e6-472a-be06-871d6b3e5a14,10.0,2000000.0,223200,,,,,,,,,,
2026-02-01 15:04:16 UTC,132,8b9d0afa-ad57-445b-a29f-a8f4bd75b1b0,Deebo,Samuel,WAS,WR,e3985829-d7ec-44d6-8028-ba04df25d1b4,abdf40e5-c953-47c5-a591-caad8c73c15f,,12,,The Big Board,20b6d363-f4e6-472a-be06-871d6b3e5a14,10.0,2000000.0,223200,,,,,,,,,,
2026-01-31 13:21:04 UTC,111,4b164dc3-27c3-47d3-8013-a529aada045a,Dalton,Kincaid,BUF,TE,da80ae8b-be4e-4786-be12-acc8a8c25c7b,7216ec13-3cbc-433e-994d-566d8ed839c2,,12,,The Little Board,bd240943-36bf-459c-9c89-7d70301a50ac,3.0,500000.0,189000,,,,,,,,,,
2026-02-03 14:50:31 UTC,238,4e8b6a26-f015-4ac3-9614-43d47a520e45,Emanuel,Wilson,GB,RB,e4d67d9b-bd69-4477-93d2-8581ee56352f,7d9a5107-4b02-4439-a9bc-35411fbfd678,,12,,The Big Board,20b6d363-f4e6-472a-be06-871d6b3e5a14,10.0,2000000.0,223200,,,,,,,,,,
2026-01-30 14:37:46 UTC,160,a586d9bf-05b3-4f40-a43a-9c03e3994050,Jordan,Mason,MIN,RB,deef49cc-6d4e-4308-8f8e-39fa99201fe3,127ee0f3-02a7-4b1f-a976-460dea99faab,,12,,The Little Board,bd240943-36bf-459c-9c89-7d70301a50ac,3.0,500000.0,189000,,,,,,,,,,
2026-01-26 18:13:35 UTC,40,18d8d9dd-938d-419e-b982-41cc6a8507ae,Garrett,Wilson,NYJ,WR,f7bd64c1-3935-423c-badb-1aa37a75ca6d,385fa962-b93a-4357-9338-7cba9a5b2826,,12,,The Little Board,bd240943-36bf-459c-9c89-7d70301a50ac,3.0,500000.0,189000,,,,,,,,,,
2026-01-29 14:23:25 UTC,82,2b0c8b6a-44fc-49b0-8db9-d63bac8b142b,Jalen,Hurts,PHI,QB,43c249d9-11a2-46fb-a00f-ccc26c7ec9c8,ef901ff3-3bab-4208-a8ee-c0fb604f7308,,12,,The Big Board,20b6d363-f4e6-472a-be06-871d6b3e5a14,10.0,2000000.0,223200,,,,,,,,,,
2026-01-26 13:15:01 UTC,112,4e6563d4-e35d-427c-a4c6-031f5aca04b4,Jordan,Love,GB,QB,f5142e73-a601-46ad-86a4-4010d2a30bd3,9f40af1c-5ecf-4bb4-b4d1-aad58e2e2368,,12,,The Little Board,bd240943-36bf-459c-9c89-7d70301a50ac,3.0,500000.0,189000,,,,,,,,,,
2026-02-02 13:59:57 UTC,174,67dc2068-98de-4e18-b93b-677dbebdf1d9,Kimani,Vidal,LAC,RB,38f305ad-70d7-4feb-8818-05d98a41b869,40794519-7680-4fc2-8771-5bff33279e18,,12,,The Big Board,20b6d363-f4e6-472a-be06-871d6b3e5a14,10.0,2000000.0,223200,,,,,,,,,,
2026-01-28 01:56:23 UTC,45,6f0a1ed6-9942-41f4-94aa-3067c110d0e2,Lamar,Jackson,BAL,QB,eff292d5-2f28-4e7c-9a89-7b339f1eabcb,4da04a55-fc41-49d5-b1f6-264952312951,,12,,The Little Board,bd240943-36bf-459c-9c89-7d70301a50ac,3.0,500000.0,189000,,,,,,,,,,
2026-02-02 17:30:02 UTC,31,30af81c9-3e2d-4c49-881b-4918b480d7e6,Breece,Hall,NYJ,RB,ca8cedf2-7b5c-497f-8e1b-c3def65730b7,b9acd3af-9a5f-4886-931b-635f7fd622b5,,12,,The Little Board,bd240943-36bf-459c-9c89-7d70301a50ac,3.0,500000.0,189000,,,,,,,,,,
2026-01-26 18:38:20 UTC,201,a66ec7fc-58bb-4cd1-9f45-bf10c950ff11,Travis,Kelce,KC,TE,f7bd64c1-3935-423c-badb-1aa37a75ca6d,385fa962-b93a-4357-9338-7cba9a5b2826,,12,,The Little Board,bd240943-36bf-459c-9c89-7d70301a50ac,3.0,500000.0,189000,,,,,,,,,,
2026-01-27 19:03:25 UTC,140,67207524-894f-453a-8fa4-44bf33b5703b,Tyler,Shough,NO,QB,f460750b-cac6-4de2-89a8-1c7e30e9d096,9f7b9910-d3cf-484d-8813-a10d6e93b9b0,,12,,The Little Board,bd240943-36bf-459c-9c89-7d70301a50ac,3.0,500000.0,189000,,,,,,,,,,
2026-01-31 13:20:11 UTC,106,4e6563d4-e35d-427c-a4c6-031f5aca04b4,Jordan,Love,GB,QB,da80ae8b-be4e-4786-be12-acc8a8c25c7b,7216ec13-3cbc-433e-994d-566d8ed839c2,,12,,The Little Board,bd240943-36bf-459c-9c89-7d70301a50ac,3.0,500000.0,189000,,,,,,,,,,
2026-02-03 14:35:25 UTC,142,cc800aec-c493-47cc-a0b5-cd25943b723d,Jacory,Croskey-Merritt,WAS,RB,e4d67d9b-bd69-4477-93d2-8581ee56352f,7d9a5107-4b02-4439-a9bc-35411fbfd678,,12,,The Big Board,20b6d363-f4e6-472a-be06-871d6b3e5a14,10.0,2000000.0,223200,,,,,,,,,,
2026-01-26 18:12:53 UTC,33,42ec90ff-787a-4076-91ca-f5bb2e54aac2,Bucky,Irving,TB,RB,f7bd64c1-3935-423c-badb-1aa37a75ca6d,385fa962-b93a-4357-9338-7cba9a5b2826,,12,,The Little Board,bd240943-36bf-459c-9c89-7d70301a50ac,3.0,500000.0,189000,,,,,,,,,,
2026-01-28 02:24:27 UTC,213,a4efd449-c8a6-41df-9aaa-09bda0476181,Rashod,Bateman,BAL,WR,eff292d5-2f28-4e7c-9a89-7b339f1eabcb,4da04a55-fc41-49d5-b1f6-264952312951,,12,,The Little Board,bd240943-36bf-459c-9c89-7d70301a50ac,3.0,500000.0,189000,,,,,,,,,,
2026-01-28 17:57:27 UTC,52,26f1fdd1-e3b3-4305-a40a-8e0ffab41fee,Luther,Burden,CHI,WR,e8f4df1e-64d9-43f6-b5df-991ab592607b,1e7aa989-a3c6-4b56-8570-de971fad3cdd,,12,,The Little Board,bd240943-36bf-459c-9c89-7d70301a50ac,3.0,500000.0,189000,,,,,,,,,,
2026-01-28 14:43:14 UTC,224,03d512e1-4b72-4de1-8285-4350f37c9f63,Tua,Tagovailoa,MIA,QB,940ac931-599a-4035-81e5-79ee25688c62,c09305f6-fd86-4d9d-9f48-6c30decd59e0,,12,,The Big Board,20b6d363-f4e6-472a-be06-871d6b3e5a14,10.0,2000000.0,223200,,,,,,,,,,
2026-01-30 14:22:13 UTC,64,8f0f38c0-e0e8-49ae-b633-1aeabf20d410,Jaxson,Dart,NYG,QB,deef49cc-6d4e-4308-8f8e-39fa99201fe3,127ee0f3-02a7-4b1f-a976-460dea99faab,,12,,The Little Board,bd240943-36bf-459c-9c89-7d70301a50ac,3.0,500000.0,189000,,,,,,,,,,
2026-01-31 13:32:04 UTC,178,af9d15c0-f214-4bdd-9127-78092bf6ed93,Sean,Tucker,TB,RB,da80ae8b-be4e-4786-be12-acc8a8c25c7b,7216ec13-3cbc-433e-994d-566d8ed839c2,,12,,The Little Board,bd240943-36bf-459c-9c89-7d70301a50ac,3.0,500000.0,189000,,,,,,,,,,
2026-01-26 13:17:40 UTC,129,85983b65-b7aa-4513-8e01-1b94d7867861,Matthew,Golden,GB,WR,f5142e73-a601-46ad-86a4-4010d2a30bd3,9f40af1c-5ecf-4bb4-b4d1-aad58e2e2368,,12,,The Little Board,bd240943-36bf-459c-9c89-7d70301a50ac,3.0,500000.0,189000,,,,,,,,,,
2026-01-30 14:50:41 UTC,232,5efbae7f-4fd9-45f3-b374-e7dbabd26412,Najee,Harris,LAC,RB,deef49cc-6d4e-4308-8f8e-39fa99201fe3,127ee0f3-02a7-4b1f-a976-460dea99faab,,12,,The Little Board,bd240943-36bf-459c-9c89-7d70301a50ac,3.0,500000.0,189000,,,,,,,,,,
2026-02-02 13:40:07 UTC,43,da3b7413-c653-46d4-abae-1b539138525f,Colston,Loveland,CHI,TE,38f305ad-70d7-4feb-8818-05d98a41b869,40794519-7680-4fc2-8771-5bff33279e18,,12,,The Big Board,20b6d363-f4e6-472a-be06-871d6b3e5a14,10.0,2000000.0,223200,,,,,,,,,,
2026-02-01 15:10:37 UTC,180,7518c217-a599-426f-ae03-648a0ef5abe6,Tre',Harris,LAC,WR,e3985829-d7ec-44d6-8028-ba04df25d1b4,abdf40e5-c953-47c5-a591-caad8c73c15f,,12,,The Big Board,20b6d363-f4e6-472a-be06-871d6b3e5a14,10.0,2000000.0,223200,,,,,,,,,,
2026-01-28 02:17:21 UTC,165,67dc2068-98de-4e18-b93b-677dbebdf1d9,Kimani,Vidal,LAC,RB,eff292d5-2f28-4e7c-9a89-7b339f1eabcb,4da04a55-fc41-49d5-b1f6-264952312951,,12,,The Little Board,bd240943-36bf-459c-9c89-7d70301a50ac,3.0,500000.0,189000,,,,,,,,,,
2026-01-31 13:36:32 UTC,207,4db220ca-0d11-4a0a-8c0a-5f5d839a6695,Omar,Cooper Jr.,,WR,da80ae8b-be4e-4786-be12-acc8a8c25c7b,7216ec13-3cbc-433e-994d-566d8ed839c2,,12,,The Little Board,bd240943-36bf-459c-9c89-7d70301a50ac,3.0,500000.0,189000,,,,,,,,,,
2026-01-28 14:29:14 UTC,137,8db463f0-b707-4138-8478-12cf8cb837d0,Romeo,Doubs,GB,WR,940ac931-599a-4035-81e5-79ee25688c62,c09305f6-fd86-4d9d-9f48-6c30decd59e0,,12,,The Big Board,20b6d363-f4e6-472a-be06-871d6b3e5a14,10.0,2000000.0,223200,,,,,,,,,,
2026-02-01 15:07:34 UTC,157,99baa615-4231-4b4a-9997-53f27877f694,Juwan,Johnson,NO,TE,e3985829-d7ec-44d6-8028-ba04df25d1b4,abdf40e5-c953-47c5-a591-caad8c73c15f,,12,,The Big Board,20b6d363-f4e6-472a-be06-871d6b3e5a14,10.0,2000000.0,223200,,,,,,,,,,
2026-01-27 13:37:53 UTC,89,887722ae-dbfb-4fd4-90b1-e62066f3c81f,Jakobi,Meyers,JAX,WR,f3fbc51f-fb4e-46e7-974f-4426e6480ea6,90c1eac1-4f1b-462a-a899-5e49b8c062f7,,12,,The Little Board,bd240943-36bf-459c-9c89-7d70301a50ac,3.0,500000.0,189000,,,,,,,,,,
2026-01-30 14:06:27 UTC,218,1581093e-1d78-481a-8349-95eb34656fd6,Cooper,Kupp,SEA,WR,016e8908-e907-4c1c-883b-d736646ce60f,3c6a98ae-f55b-40f6-9f05-0bf7cb6f9c7f,,12,,The Big Board,20b6d363-f4e6-472a-be06-871d6b3e5a14,10.0,2000000.0,223200,,,,,,,,,,
2026-01-28 02:02:09 UTC,76,2b0c8b6a-44fc-49b0-8db9-d63bac8b142b,Jalen,Hurts,PHI,QB,eff292d5-2f28-4e7c-9a89-7b339f1eabcb,4da04a55-fc41-49d5-b1f6-264952312951,,12,,The Little Board,bd240943-36bf-459c-9c89-7d70301a50ac,3.0,500000.0,189000,,,,,,,,,,
2026-01-31 13:17:31 UTC,87,cd2ef29a-f0ec-4c35-8ff9-7008459c9ea2,Stefon,Diggs,NE,WR,da80ae8b-be4e-4786-be12-acc8a8c25c7b,7216ec13-3cbc-433e-994d-566d8ed839c2,,12,,The Little Board,bd240943-36bf-459c-9c89-7d70301a50ac,3.0,500000.0,189000,,,,,,,,,,
2026-02-03 13:39:18 UTC,63,f8bd3794-6717-41fd-b5b2-11ed50be789f,Makai,Lemon,,WR,461d0180-1994-4801-84aa-b361a3a6e221,04e986ac-1577-4f4f-9e5b-be02d5af6368,,12,,The Big Board,20b6d363-f4e6-472a-be06-871d6b3e5a14,10.0,2000000.0,223200,,,,,,,,,,
2026-02-02 17:38:38 UTC,90,477f07a5-011c-47be-b821-1c5cda725225,Patrick,Mahomes,KC,QB,ca8cedf2-7b5c-497f-8e1b-c3def65730b7,b9acd3af-9a5f-4886-931b-635f7fd622b5,,12,,The Little Board,bd240943-36bf-459c-9c89-7d70301a50ac,3.0,500000.0,189000,,,,,,,,,,
2026-01-30 14:21:33 UTC,57,f8bd3794-6717-41fd-b5b2-11ed50be789f,Makai,Lemon,,WR,deef49cc-6d4e-4308-8f8e-39fa99201fe3,127ee0f3-02a7-4b1f-a976-460dea99faab,,12,,The Little Board,bd240943-36bf-459c-9c89-7d70301a50ac,3.0,500000.0,189000,,,,,,,,,,
2026-01-29 14:40:08 UTC,183,5a82768a-141a-457f-a252-dba42e9bea0a,Dylan,Sampson,CLE,RB,43c249d9-11a2-46fb-a00f-ccc26c7ec9c8,ef901ff3-3bab-4208-a8ee-c0fb604f7308,,12,,The Big Board,20b6d363-f4e6-472a-be06-871d6b3e5a14,10.0,2000000.0,223200,,,,,,,,,,
2026-01-30 14:26:25 UTC,88,679c05b5-1aa5-452d-853e-ec868e43e0f8,Kyle,Monangai,CHI,RB,deef49cc-6d4e-4308-8f8e-39fa99201fe3,127ee0f3-02a7-4b1f-a976-460dea99faab,,12,,The Little Board,bd240943-36bf-459c-9c89-7d70301a50ac,3.0,500000.0,189000,,,,,,,,,,
2026-01-28 18:07:53 UTC,124,a9799cdb-e946-427d-8ad6-f2416165c86c,Emmett,Johnson,,RB,e8f4df1e-64d9-43f6-b5df-991ab592607b,1e7aa989-a3c6-4b56-8570-de971fad3cdd,,12,,The Little Board,bd240943-36bf-459c-9c89-7d70301a50ac,3.0,500000.0,189000,,,,,,,,,,
2026-01-28 02:25:22 UTC,220,6f9e6e76-0a18-420c-99c3-89b1ef220850,Ray,Davis,BUF,RB,eff292d5-2f28-4e7c-9a89-7b339f1eabcb,4da04a55-fc41-49d5-b1f6-264952312951,,12,,The Little Board,bd240943-36bf-459c-9c89-7d70301a50ac,3.0,500000.0,189000,,,,,,,,,,
2026-01-28 02:06:08 UTC,100,62fa37cc-8a68-42e5-abe5-5bddd81891d8,Jayden,Reed,GB,WR,eff292d5-2f28-4e7c-9a89-7b339f1eabcb,4da04a55-fc41-49d5-b1f6-264952312951,,12,,The Little Board,bd240943-36bf-459c-9c89-7d70301a50ac,3.0,500000.0,189000,,,,,,,,,,
2026-01-26 18:39:08 UTC,208,57a04134-841f-4f7e-945b-5844e8a16c54,Keenan,Allen,LAC,WR,f7bd64c1-3935-423c-badb-1aa37a75ca6d,385fa962-b93a-4357-9338-7cba9a5b2826,,12,,The Little Board,bd240943-36bf-459c-9c89-7d70301a50ac,3.0,500000.0,189000,,,,,,,,,,
2026-02-03 14:40:41 UTC,171,fc569b39-da9b-4491-88a8-888f94ac25e0,Isaiah,Likely,BAL,TE,e4d67d9b-bd69-4477-93d2-8581ee56352f,7d9a5107-4b02-4439-a9bc-35411fbfd678,,12,,The Big Board,20b6d363-f4e6-472a-be06-871d6b3e5a14,10.0,2000000.0,223200,,,,,,,,,,
2026-01-28 01:49:56 UTC,4,eec15e8b-2a0d-4693-98b9-a64aeaf975d6,Jahmyr,Gibbs,DET,RB,eff292d5-2f28-4e7c-9a89-7b339f1eabcb,4da04a55-fc41-49d5-b1f6-264952312951,,12,,The Little Board,bd240943-36bf-459c-9c89-7d70301a50ac,3.0,500000.0,189000,,,,,,,,,,
2026-01-27 19:12:08 UTC,188,8f6e8b3a-b230-41f1-9c39-90b2c4ef7050,Chris,Bell,,WR,f460750b-cac6-4de2-89a8-1c7e30e9d096,9f7b9910-d3cf-484d-8813-a10d6e93b9b0,,12,,The Little Board,bd240943-36bf-459c-9c89-7d70301a50ac,3.0,500000.0,189000,,,,,,,,,,
2026-02-02 17:52:56 UTC,186,fc569b39-da9b-4491-88a8-888f94ac25e0,Isaiah,Likely,BAL,TE,ca8cedf2-7b5c-497f-8e1b-c3def65730b7,b9acd3af-9a5f-4886-931b-635f7fd622b5,,12,,The Little Board,bd240943-36bf-459c-9c89-7d70301a50ac,3.0,500000.0,189000,,,,,,,,,,
2026-01-31 13:28:20 UTC,154,6a95df23-02e5-4638-b3b8-58b8b095c3d3,Hunter,Henry,NE,TE,da80ae8b-be4e-4786-be12-acc8a8c25c7b,7216ec13-3cbc-433e-994d-566d8ed839c2,,12,,The Little Board,bd240943-36bf-459c-9c89-7d70301a50ac,3.0,500000.0,189000,,,,,,,,,,
2026-02-02 13:56:32 UTC,150,99baa615-4231-4b4a-9997-53f27877f694,Juwan,Johnson,NO,TE,38f305ad-70d7-4feb-8818-05d98a41b869,40794519-7680-4fc2-8771-5bff33279e18,,12,,The Big Board,20b6d363-f4e6-472a-be06-871d6b3e5a14,10.0,2000000.0,223200,,,,,,,,,,
2026-02-03 13:44:01 UTC,87,d1284cb3-7f71-4d90-974d-ebbdcabdf985,Tucker,Kraft,GB,TE,461d0180-1994-4801-84aa-b361a3a6e221,04e986ac-1577-4f4f-9e5b-be02d5af6368,,12,,The Big Board,20b6d363-f4e6-472a-be06-871d6b3e5a14,10.0,2000000.0,223200,,,,,,,,,,
2026-02-03 13:35:21 UTC,39,954b5774-5af5-4c48-b550-30050b8f0c51,Ladd,McConkey,LAC,WR,461d0180-1994-4801-84aa-b361a3a6e221,04e986ac-1577-4f4f-9e5b-be02d5af6368,,12,,The Big Board,20b6d363-f4e6-472a-be06-871d6b3e5a14,10.0,2000000.0,223200,,,,,,,,,,
2026-01-30 13:46:53 UTC,95,b513cebe-64cd-4dd1-91b6-d7b9892b891f,Matthew,Stafford,LAR,QB,016e8908-e907-4c1c-883b-d736646ce60f,3c6a98ae-f55b-40f6-9f05-0bf7cb6f9c7f,,12,,The Big Board,20b6d363-f4e6-472a-be06-871d6b3e5a14,10.0,2000000.0,223200,,,,,,,,,,
2026-01-30 13:35:17 UTC,26,b7c774ea-6453-4fed-8770-0d8f95cff419,Derrick,Henry,BAL,RB,016e8908-e907-4c1c-883b-d736646ce60f,3c6a98ae-f55b-40f6-9f05-0bf7cb6f9c7f,,12,,The Big Board,20b6d363-f4e6-472a-be06-871d6b3e5a14,10.0,2000000.0,223200,,,,,,,,,,
2026-01-26 13:27:56 UTC,201,82392c97-a8fd-4cdb-9e8a-f47a9b1fde8d,Devaughn,Vele,NO,WR,f5142e73-a601-46ad-86a4-4010d2a30bd3,9f40af1c-5ecf-4bb4-b4d1-aad58e2e2368,,12,,The Little Board,bd240943-36bf-459c-9c89-7d70301a50ac,3.0,500000.0,189000,,,,,,,,,,
2026-01-28 14:18:23 UTC,65,59ae90e9-5932-417d-be7a-99338960e9f0,Quinshon,Judkins,CLE,RB,940ac931-599a-4035-81e5-79ee25688c62,c09305f6-fd86-4d9d-9f48-6c30decd59e0,,12,,The Big Board,20b6d363-f4e6-472a-be06-871d6b3e5a14,10.0,2000000.0,223200,,,,,,,,,,
2026-02-03 13:31:33 UTC,15,9b6dc124-da44-441e-88b0-ca699dfe3be3,Malik,Nabers,NYG,WR,461d0180-1994-4801-84aa-b361a3a6e221,04e986ac-1577-4f4f-9e5b-be02d5af6368,,12,,The Big Board,20b6d363-f4e6-472a-be06-871d6b3e5a14,10.0,2000000.0,223200,,,,,,,,,,
2026-01-31 15:34:56 UTC,205,ee7eb028-bf93-4c90-82ce-caa15cb46285,Aaron,Rodgers,PIT,QB,5c26f432-5b60-4c94-828d-d48f63e00c83,85c38563-ed3e-4fff-903d-d71fa359f22d,,12,,The Big Board,20b6d363-f4e6-472a-be06-871d6b3e5a14,10.0,2000000.0,223200,,,,,,,,,,
2026-01-26 13:20:48 UTC,153,8951e1bb-aed2-40ff-9f40-f09197f7ffd2,Adonai,Mitchell,NYJ,WR,f5142e73-a601-46ad-86a4-4010d2a30bd3,9f40af1c-5ecf-4bb4-b4d1-aad58e2e2368,,12,,The Little Board,bd240943-36bf-459c-9c89-7d70301a50ac,3.0,500000.0,189000,,,,,,,,,,
2026-01-26 12:58:43 UTC,9,c3ac9e53-e016-45e7-863a-e109a88eaee2,James,Cook,BUF,RB,f5142e73-a601-46ad-86a4-4010d2a30bd3,9f40af1c-5ecf-4bb4-b4d1-aad58e2e2368,,12,,The Little Board,bd240943-36bf-459c-9c89-7d70301a50ac,3.0,500000.0,189000,,,,,,,,,,
2026-01-26 18:28:59 UTC,136,05396af3-a07c-4c50-89dd-1eae9880e326,Chris,Godwin,TB,WR,f7bd64c1-3935-423c-badb-1aa37a75ca6d,385fa962-b93a-4357-9338-7cba9a5b2826,,12,,The Little Board,bd240943-36bf-459c-9c89-7d70301a50ac,3.0,500000.0,189000,,,,,,,,,,
2026-02-03 14:21:45 UTC,51,5ff0e40f-9de2-4c4a-87e4-3c68f5472a27,Rome,Odunze,CHI,WR,e4d67d9b-bd69-4477-93d2-8581ee56352f,7d9a5107-4b02-4439-a9bc-35411fbfd678,,12,,The Big Board,20b6d363-f4e6-472a-be06-871d6b3e5a14,10.0,2000000.0,223200,,,,,,,,,,
2026-02-03 14:29:10 UTC,99,f862802a-77a6-4ed7-b299-fd7dd82b5116,Jadarian,Price,,RB,e4d67d9b-bd69-4477-93d2-8581ee56352f,7d9a5107-4b02-4439-a9bc-35411fbfd678,,12,,The Big Board,20b6d363-f4e6-472a-be06-871d6b3e5a14,10.0,2000000.0,223200,,,,,,,,,,
2026-01-30 14:36:38 UTC,153,d1acaad7-989a-4ef1-b2af-3d7c8fb104ea,Bryce,Young,CAR,QB,deef49cc-6d4e-4308-8f8e-39fa99201fe3,127ee0f3-02a7-4b1f-a976-460dea99faab,,12,,The Little Board,bd240943-36bf-459c-9c89-7d70301a50ac,3.0,500000.0,189000,,,,,,,,,,
2026-01-27 19:01:19 UTC,125,0e81ac4b-dcab-4441-ad39-6133e6318093,Jauan,Jennings,SF,WR,f460750b-cac6-4de2-89a8-1c7e30e9d096,9f7b9910-d3cf-484d-8813-a10d6e93b9b0,,12,,The Little Board,bd240943-36bf-459c-9c89-7d70301a50ac,3.0,500000.0,189000,,,,,,,,,,
2026-01-30 14:33:02 UTC,129,926480b1-04f4-4476-8e7e-def8df249925,Kayshon,Boutte,NE,WR,deef49cc-6d4e-4308-8f8e-39fa99201fe3,127ee0f3-02a7-4b1f-a976-460dea99faab,,12,,The Little Board,bd240943-36bf-459c-9c89-7d70301a50ac,3.0,500000.0,189000,,,,,,,,,,
2026-01-29 14:24:41 UTC,87,478e4a40-0dcd-4a43-b26b-6ad4cd315727,Quentin,Johnston,LAC,WR,43c249d9-11a2-46fb-a00f-ccc26c7ec9c8,ef901ff3-3bab-4208-a8ee-c0fb604f7308,,12,,The Big Board,20b6d363-f4e6-472a-be06-871d6b3e5a14,10.0,2000000.0,223200,,,,,,,,,,
2026-02-03 14:28:27 UTC,94,d5c15f83-be4d-4023-9c2b-d71fdcea928b,Chuba,Hubbard,CAR,RB,e4d67d9b-bd69-4477-93d2-8581ee56352f,7d9a5107-4b02-4439-a9bc-35411fbfd678,,12,,The Big Board,20b6d363-f4e6-472a-be06-871d6b3e5a14,10.0,2000000.0,223200,,,,,,,,,,
2026-02-03 14:47:33 UTC,219,82e5a019-bf29-4434-ab1e-710382655a66,Ty,Simpson,,QB,e4d67d9b-bd69-4477-93d2-8581ee56352f,7d9a5107-4b02-4439-a9bc-35411fbfd678,,12,,The Big Board,20b6d363-f4e6-472a-be06-871d6b3e5a14,10.0,2000000.0,223200,,,,,,,,,,
2026-01-27 13:28:05 UTC,17,dcf963bc-fd54-4af7-a736-91c4f03abb34,Omarion,Hampton,LAC,RB,f3fbc51f-fb4e-46e7-974f-4426e6480ea6,90c1eac1-4f1b-462a-a899-5e49b8c062f7,,12,,The Little Board,bd240943-36bf-459c-9c89-7d70301a50ac,3.0,500000.0,189000,,,,,,,,,,
2026-02-02 14:04:45 UTC,211,82392c97-a8fd-4cdb-9e8a-f47a9b1fde8d,Devaughn,Vele,NO,WR,38f305ad-70d7-4feb-8818-05d98a41b869,40794519-7680-4fc2-8771-5bff33279e18,,12,,The Big Board,20b6d363-f4e6-472a-be06-871d6b3e5a14,10.0,2000000.0,223200,,,,,,,,,,
2026-01-27 13:51:46 UTC,185,08e41f38-a270-451b-a805-1c4bff521890,Braelon,Allen,NYJ,RB,f3fbc51f-fb4e-46e7-974f-4426e6480ea6,90c1eac1-4f1b-462a-a899-5e49b8c062f7,,12,,The Little Board,bd240943-36bf-459c-9c89-7d70301a50ac,3.0,500000.0,189000,,,,,,,,,,
2026-01-28 18:23:19 UTC,220,28e2f4da-e11f-4b7b-b037-6bfb68882a55,Ben,Sinnott,WAS,TE,e8f4df1e-64d9-43f6-b5df-991ab592607b,1e7aa989-a3c6-4b56-8570-de971fad3cdd,,12,,The Little Board,bd240943-36bf-459c-9c89-7d70301a50ac,3.0,500000.0,189000,,,,,,,,,,
2026-02-03 14:31:56 UTC,118,67207524-894f-453a-8fa4-44bf33b5703b,Tyler,Shough,NO,QB,e4d67d9b-bd69-4477-93d2-8581ee56352f,7d9a5107-4b02-4439-a9bc-35411fbfd678,,12,,The Big Board,20b6d363-f4e6-472a-be06-871d6b3e5a14,10.0,2000000.0,223200,,,,,,,,,,
2026-02-03 13:34:24 UTC,34,c2e0cdc1-6c9f-4580-9092-7f921e74a03e,Kyren,Williams,LAR,RB,461d0180-1994-4801-84aa-b361a3a6e221,04e986ac-1577-4f4f-9e5b-be02d5af6368,,12,,The Big Board,20b6d363-f4e6-472a-be06-871d6b3e5a14,10.0,2000000.0,223200,,,,,,,,,,
2026-01-28 02:29:23 UTC,237,a5e721fb-ff37-4e01-82fc-2a59cc74d201,Jaydon,Blue,DAL,RB,eff292d5-2f28-4e7c-9a89-7b339f1eabcb,4da04a55-fc41-49d5-b1f6-264952312951,,12,,The Little Board,bd240943-36bf-459c-9c89-7d70301a50ac,3.0,500000.0,189000,,,,,,,,,,
2026-02-01 15:13:50 UTC,204,dd50cff2-b976-4a57-9c97-959792acc677,Kyle,Williams,NE,WR,e3985829-d7ec-44d6-8028-ba04df25d1b4,abdf40e5-c953-47c5-a591-caad8c73c15f,,12,,The Big Board,20b6d363-f4e6-472a-be06-871d6b3e5a14,10.0,2000000.0,223200,,,,,,,,,,
2026-01-27 18:43:06 UTC,29,495d29ca-232c-40bf-92dc-d6372226354d,Rashee,Rice,KC,WR,f460750b-cac6-4de2-89a8-1c7e30e9d096,9f7b9910-d3cf-484d-8813-a10d6e93b9b0,,12,,The Little Board,bd240943-36bf-459c-9c89-7d70301a50ac,3.0,500000.0,189000,,,,,,,,,,
2026-01-28 14:40:32 UTC,209,19d34aa6-8b80-440b-8c69-4e7cf3c0705c,Mason,Taylor,NYJ,TE,940ac931-599a-4035-81e5-79ee25688c62,c09305f6-fd86-4d9d-9f48-6c30decd59e0,,12,,The Big Board,20b6d363-f4e6-472a-be06-871d6b3e5a14,10.0,2000000.0,223200,,,,,,,,,,
2026-01-28 00:41:10 UTC,133,0e81ac4b-dcab-4441-ad39-6133e6318093,Jauan,Jennings,SF,WR,ecb65629-cbb5-4aed-980e-f5ab1d185ce0,74517ac1-f726-40d0-a1e6-026087b1a16a,,12,,The Little Board,bd240943-36bf-459c-9c89-7d70301a50ac,3.0,500000.0,189000,,,,,,,,,,
2026-01-26 18:42:29 UTC,232,92a00945-c13a-4fcd-bced-a5873f5f4b23,Justice,Hill,BAL,RB,f7bd64c1-3935-423c-badb-1aa37a75ca6d,385fa962-b93a-4357-9338-7cba9a5b2826,,12,,The Little Board,bd240943-36bf-459c-9c89-7d70301a50ac,3.0,500000.0,189000,,,,,,,,,,
2026-02-01 14:47:42 UTC,13,dcf963bc-fd54-4af7-a736-91c4f03abb34,Omarion,Hampton,LAC,RB,e3985829-d7ec-44d6-8028-ba04df25d1b4,abdf40e5-c953-47c5-a591-caad8c73c15f,,12,,The Big Board,20b6d363-f4e6-472a-be06-871d6b3e5a14,10.0,2000000.0,223200,,,,,,,,,,
2026-02-02 17:40:04 UTC,103,07471e05-eedf-4a9c-971c-493287276406,Wan'Dale,Robinson,NYG,WR,ca8cedf2-7b5c-497f-8e1b-c3def65730b7,b9acd3af-9a5f-4886-931b-635f7fd622b5,,12,,The Little Board,bd240943-36bf-459c-9c89-7d70301a50ac,3.0,500000.0,189000,,,,,,,,,,
2026-01-29 14:20:34 UTC,63,ea9c850d-105c-446b-b18d-f733550cb454,Jayden,Daniels,WAS,QB,43c249d9-11a2-46fb-a00f-ccc26c7ec9c8,ef901ff3-3bab-4208-a8ee-c0fb604f7308,,12,,The Big Board,20b6d363-f4e6-472a-be06-871d6b3e5a14,10.0,2000000.0,223200,,,,,,,,,,
2026-02-02 13:48:38 UTC,91,142fcc25-dca6-4ed8-b976-ef44d7a8051e,Alec,Pierce,IND,WR,38f305ad-70d7-4feb-8818-05d98a41b869,40794519-7680-4fc2-8771-5bff33279e18,,12,,The Big Board,20b6d363-f4e6-472a-be06-871d6b3e5a14,10.0,2000000.0,223200,,,,,,,,,,
2026-01-28 18:17:36 UTC,189,ce842e43-c32b-465a-8894-3bda0159e731,Chimere,Dike,TEN,WR,e8f4df1e-64d9-43f6-b5df-991ab592607b,1e7aa989-a3c6-4b56-8570-de971fad3cdd,,12,,The Little Board,bd240943-36bf-459c-9c89-7d70301a50ac,3.0,500000.0,189000,,,,,,,,,,
2026-01-30 14:25:14 UTC,81,d1284cb3-7f71-4d90-974d-ebbdcabdf985,Tucker,Kraft,GB,TE,deef49cc-6d4e-4308-8f8e-39fa99201fe3,127ee0f3-02a7-4b1f-a976-460dea99faab,,12,,The Little Board,bd240943-36bf-459c-9c89-7d70301a50ac,3.0,500000.0,189000,,,,,,,,,,
2026-01-27 13:33:20 UTC,56,f8bd3794-6717-41fd-b5b2-11ed50be789f,Makai,Lemon,,WR,f3fbc51f-fb4e-46e7-974f-4426e6480ea6,90c1eac1-4f1b-462a-a899-5e49b8c062f7,,12,,The Little Board,bd240943-36bf-459c-9c89-7d70301a50ac,3.0,500000.0,189000,,,,,,,,,,
2026-01-30 13:43:00 UTC,74,ba0bdd0d-d7b7-4fd1-a64f-bd51f64dbdac,Jaylen,Warren,PIT,RB,016e8908-e907-4c1c-883b-d736646ce60f,3c6a98ae-f55b-40f6-9f05-0bf7cb6f9c7f,,12,,The Big Board,20b6d363-f4e6-472a-be06-871d6b3e5a14,10.0,2000000.0,223200,,,,,,,,,,
2026-02-01 15:10:49 UTC,181,4aa469a8-84ad-4ffe-ab99-f9da87d7e315,David,Njoku,CLE,TE,e3985829-d7ec-44d6-8028-ba04df25d1b4,abdf40e5-c953-47c5-a591-caad8c73c15f,,12,,The Big Board,20b6d363-f4e6-472a-be06-871d6b3e5a14,10.0,2000000.0,223200,,,,,,,,,,
2026-02-03 13:46:46 UTC,106,15646db4-d97a-4fd0-91e4-d1941c672a25,D.J.,Moore,CHI,WR,461d0180-1994-4801-84aa-b361a3a6e221,04e986ac-1577-4f4f-9e5b-be02d5af6368,,12,,The Big Board,20b6d363-f4e6-472a-be06-871d6b3e5a14,10.0,2000000.0,223200,,,,,,,,,,
2026-01-27 19:04:42 UTC,149,ff50f9d3-ba34-4600-b2fc-e3442956121a,Zach,Charbonnet,SEA,RB,f460750b-cac6-4de2-89a8-1c7e30e9d096,9f7b9910-d3cf-484d-8813-a10d6e93b9b0,,12,,The Little Board,bd240943-36bf-459c-9c89-7d70301a50ac,3.0,500000.0,189000,,,,,,,,,,
2026-02-01 15:13:52 UTC,205,4fc6d131-6c84-4309-a9d5-905ef8846c6d,Marvin,Mims Jr.,DEN,WR,e3985829-d7ec-44d6-8028-ba04df25d1b4,abdf40e5-c953-47c5-a591-caad8c73c15f,,12,,The Big Board,20b6d363-f4e6-472a-be06-871d6b3e5a14,10.0,2000000.0,223200,,,,,,,,,,
2026-02-02 18:01:50 UTC,234,c3805b3e-a03c-432c-97ed-7035884534ad,Brashard,Smith,KC,RB,ca8cedf2-7b5c-497f-8e1b-c3def65730b7,b9acd3af-9a5f-4886-931b-635f7fd622b5,,12,,The Little Board,bd240943-36bf-459c-9c89-7d70301a50ac,3.0,500000.0,189000,,,,,,,,,,
2026-02-02 13:44:08 UTC,67,c3d66be9-8247-4c7b-81e7-6d6df8b7c120,Joe,Burrow,CIN,QB,38f305ad-70d7-4feb-8818-05d98a41b869,40794519-7680-4fc2-8771-5bff33279e18,,12,,The Big Board,20b6d363-f4e6-472a-be06-871d6b3e5a14,10.0,2000000.0,223200,,,,,,,,,,
2026-01-31 13:29:03 UTC,159,4f2c8803-164f-49bf-942d-ee6fc30c45da,Malik,Willis,GB,QB,da80ae8b-be4e-4786-be12-acc8a8c25c7b,7216ec13-3cbc-433e-994d-566d8ed839c2,,12,,The Little Board,bd240943-36bf-459c-9c89-7d70301a50ac,3.0,500000.0,189000,,,,,,,,,,
2026-01-26 13:31:56 UTC,232,6f9e6e76-0a18-420c-99c3-89b1ef220850,Ray,Davis,BUF,RB,f5142e73-a601-46ad-86a4-4010d2a30bd3,9f40af1c-5ecf-4bb4-b4d1-aad58e2e2368,,12,,The Little Board,bd240943-36bf-459c-9c89-7d70301a50ac,3.0,500000.0,189000,,,,,,,,,,
2026-01-31 13:24:39 UTC,135,08ad7286-4527-47ca-aaf8-ece58260721f,Brandon,Aiyuk,SF,WR,da80ae8b-be4e-4786-be12-acc8a8c25c7b,7216ec13-3cbc-433e-994d-566d8ed839c2,,12,,The Little Board,bd240943-36bf-459c-9c89-7d70301a50ac,3.0,500000.0,189000,,,,,,,,,,
2026-01-28 18:11:46 UTC,148,f3ef5105-c46a-438a-99cb-180989aed594,Jalen,McMillan,TB,WR,e8f4df1e-64d9-43f6-b5df-991ab592607b,1e7aa989-a3c6-4b56-8570-de971fad3cdd,,12,,The Little Board,bd240943-36bf-459c-9c89-7d70301a50ac,3.0,500000.0,189000,,,,,,,,,,
2026-02-02 17:59:26 UTC,223,e8a0a4a1-632a-436a-b813-a5de3994f209,Shedeur,Sanders,CLE,QB,ca8cedf2-7b5c-497f-8e1b-c3def65730b7,b9acd3af-9a5f-4886-931b-635f7fd622b5,,12,,The Little Board,bd240943-36bf-459c-9c89-7d70301a50ac,3.0,500000.0,189000,,,,,,,,,,
2026-02-01 14:51:01 UTC,37,954b5774-5af5-4c48-b550-30050b8f0c51,Ladd,McConkey,LAC,WR,e3985829-d7ec-44d6-8028-ba04df25d1b4,abdf40e5-c953-47c5-a591-caad8c73c15f,,12,,The Big Board,20b6d363-f4e6-472a-be06-871d6b3e5a14,10.0,2000000.0,223200,,,,,,,,,,
2026-01-28 00:54:35 UTC,228,1a9a34d4-5672-4ca9-9f2b-866808a9c0c6,Kirk,Cousins,ATL,QB,ecb65629-cbb5-4aed-980e-f5ab1d185ce0,74517ac1-f726-40d0-a1e6-026087b1a16a,,12,,The Little Board,bd240943-36bf-459c-9c89-7d70301a50ac,3.0,500000.0,189000,,,,,,,,,,
2026-01-31 15:19:38 UTC,109,4438b894-698d-4155-be34-ec8081f3c14b,Jared,Goff,DET,QB,5c26f432-5b60-4c94-828d-d48f63e00c83,85c38563-ed3e-4fff-903d-d71fa359f22d,,12,,The Big Board,20b6d363-f4e6-472a-be06-871d6b3e5a14,10.0,2000000.0,223200,,,,,,,,,,
2026-02-03 14:44:12 UTC,195,23f721b9-f916-4ed4-8686-0822322a46b1,Terrance,Ferguson,LAR,TE,e4d67d9b-bd69-4477-93d2-8581ee56352f,7d9a5107-4b02-4439-a9bc-35411fbfd678,,12,,The Big Board,20b6d363-f4e6-472a-be06-871d6b3e5a14,10.0,2000000.0,223200,,,,,,,,,,
2026-01-26 18:25:03 UTC,112,979a31b2-8567-4ca0-9cef-e3318c945141,Tyler,Allgeier,ATL,RB,f7bd64c1-3935-423c-badb-1aa37a75ca6d,385fa962-b93a-4357-9338-7cba9a5b2826,,12,,The Little Board,bd240943-36bf-459c-9c89-7d70301a50ac,3.0,500000.0,189000,,,,,,,,,,
2026-01-29 14:47:24 UTC,231,2382c558-7024-47ab-8330-d96bfc46eacf,Jalen,Nailor,MIN,WR,43c249d9-11a2-46fb-a00f-ccc26c7ec9c8,ef901ff3-3bab-4208-a8ee-c0fb604f7308,,12,,The Big Board,20b6d363-f4e6-472a-be06-871d6b3e5a14,10.0,2000000.0,223200,,,,,,,,,,
2026-01-27 13:29:53 UTC,32,d945c683-2b49-4442-bdab-dce9a47e0815,A.J.,Brown,PHI,WR,f3fbc51f-fb4e-46e7-974f-4426e6480ea6,90c1eac1-4f1b-462a-a899-5e49b8c062f7,,12,,The Little Board,bd240943-36bf-459c-9c89-7d70301a50ac,3.0,500000.0,189000,,,,,,,,,,
2026-01-30 13:39:32 UTC,50,0ff52391-4651-425a-9e07-8caa26ef37f2,Jordyn,Tyson,,WR,016e8908-e907-4c1c-883b-d736646ce60f,3c6a98ae-f55b-40f6-9f05-0bf7cb6f9c7f,,12,,The Big Board,20b6d363-f4e6-472a-be06-871d6b3e5a14,10.0,2000000.0,223200,,,,,,,,,,
2026-01-30 14:03:25 UTC,194,dd50cff2-b976-4a57-9c97-959792acc677,Kyle,Williams,NE,WR,016e8908-e907-4c1c-883b-d736646ce60f,3c6a98ae-f55b-40f6-9f05-0bf7cb6f9c7f,,12,,The Big Board,20b6d363-f4e6-472a-be06-871d6b3e5a14,10.0,2000000.0,223200,,,,,,,,,,
2026-02-03 13:38:18 UTC,58,be1270d5-0970-47e5-ae48-9a3fc9266d02,Jaylen,Waddle,MIA,WR,461d0180-1994-4801-84aa-b361a3a6e221,04e986ac-1577-4f4f-9e5b-be02d5af6368,,12,,The Big Board,20b6d363-f4e6-472a-be06-871d6b3e5a14,10.0,2000000.0,223200,,,,,,,,,,
2026-01-31 13:40:03 UTC,231,b7f05306-1074-4b84-8a6c-124f655b9ff3,Dontayvion,Wicks,GB,WR,da80ae8b-be4e-4786-be12-acc8a8c25c7b,7216ec13-3cbc-433e-994d-566d8ed839c2,,12,,The Little Board,bd240943-36bf-459c-9c89-7d70301a50ac,3.0,500000.0,189000,,,,,,,,,,
2026-01-30 13:39:02 UTC,47,9a699b6c-b060-4d9c-b8d0-b5c0b3f054c6,Emeka,Egbuka,TB,WR,016e8908-e907-4c1c-883b-d736646ce60f,3c6a98ae-f55b-40f6-9f05-0bf7cb6f9c7f,,12,,The Big Board,20b6d363-f4e6-472a-be06-871d6b3e5a14,10.0,2000000.0,223200,,,,,,,,,,
2026-01-31 15:08:57 UTC,36,954b5774-5af5-4c48-b550-30050b8f0c51,Ladd,McConkey,LAC,WR,5c26f432-5b60-4c94-828d-d48f63e00c83,85c38563-ed3e-4fff-903d-d71fa359f22d,,12,,The Big Board,20b6d363-f4e6-472a-be06-871d6b3e5a14,10.0,2000000.0,223200,,,,,,,,,,
2026-01-26 18:36:00 UTC,184,da3df14f-7e24-4905-82c8-b98bbd8a1f59,Michael,Penix,ATL,QB,f7bd64c1-3935-423c-badb-1aa37a75ca6d,385fa962-b93a-4357-9338-7cba9a5b2826,,12,,The Little Board,bd240943-36bf-459c-9c89-7d70301a50ac,3.0,500000.0,189000,,,,,,,,,,
2026-01-28 18:25:54 UTC,237,92a05258-57c1-4d3a-8afa-df85fee7446e,Chris,Brazzell II,,WR,e8f4df1e-64d9-43f6-b5df-991ab592607b,1e7aa989-a3c6-4b56-8570-de971fad3cdd,,12,,The Little Board,bd240943-36bf-459c-9c89-7d70301a50ac,3.0,500000.0,189000,,,,,,,,,,
2026-01-31 13:16:38 UTC,82,e245a361-7d5e-43d6-9ed0-f17469b25459,Ricky,Pearsall,SF,WR,da80ae8b-be4e-4786-be12-acc8a8c25c7b,7216ec13-3cbc-433e-994d-566d8ed839c2,,12,,The Little Board,bd240943-36bf-459c-9c89-7d70301a50ac,3.0,500000.0,189000,,,,,,,,,,
2026-01-30 13:34:46 UTC,23,7fc0aee4-38db-42f5-919d-52da687dedf4,Chase,Brown,CIN,RB,016e8908-e907-4c1c-883b-d736646ce60f,3c6a98ae-f55b-40f6-9f05-0bf7cb6f9c7f,,12,,The Big Board,20b6d363-f4e6-472a-be06-871d6b3e5a14,10.0,2000000.0,223200,,,,,,,,,,
2026-01-28 02:20:52 UTC,189,fb2574b2-93b4-4b51-9cf8-b9cc210f984e,T.J.,Hockenson,MIN,TE,eff292d5-2f28-4e7c-9a89-7b339f1eabcb,4da04a55-fc41-49d5-b1f6-264952312951,,12,,The Little Board,bd240943-36bf-459c-9c89-7d70301a50ac,3.0,500000.0,189000,,,,,,,,,,
2026-01-26 13:28:52 UTC,208,7518c217-a599-426f-ae03-648a0ef5abe6,Tre',Harris,LAC,WR,f5142e73-a601-46ad-86a4-4010d2a30bd3,9f40af1c-5ecf-4bb4-b4d1-aad58e2e2368,,12,,The Little Board,bd240943-36bf-459c-9c89-7d70301a50ac,3.0,500000.0,189000,,,,,,,,,,
2026-02-01 15:04:24 UTC,133,08ad7286-4527-47ca-aaf8-ece58260721f,Brandon,Aiyuk,SF,WR,e3985829-d7ec-44d6-8028-ba04df25d1b4,abdf40e5-c953-47c5-a591-caad8c73c15f,,12,,The Big Board,20b6d363-f4e6-472a-be06-871d6b3e5a14,10.0,2000000.0,223200,,,,,,,,,,
2026-02-02 17:50:52 UTC,175,3487f7db-cd47-48fa-9bf7-d6fc4f581bb3,Aaron,Jones,MIN,RB,ca8cedf2-7b5c-497f-8e1b-c3def65730b7,b9acd3af-9a5f-4886-931b-635f7fd622b5,,12,,The Little Board,bd240943-36bf-459c-9c89-7d70301a50ac,3.0,500000.0,189000,,,,,,,,,,
2026-02-01 14:58:11 UTC,85,e47bda15-7f48-4397-a807-ac670a9109b3,Oronde,Gadsden,LAC,TE,e3985829-d7ec-44d6-8028-ba04df25d1b4,abdf40e5-c953-47c5-a591-caad8c73c15f,,12,,The Big Board,20b6d363-f4e6-472a-be06-871d6b3e5a14,10.0,2000000.0,223200,,,,,,,,,,
2026-01-29 14:35:13 UTC,154,3349ebbb-611c-46fd-a82b-204500116125,Josh,Downs,IND,WR,43c249d9-11a2-46fb-a00f-ccc26c7ec9c8,ef901ff3-3bab-4208-a8ee-c0fb604f7308,,12,,The Big Board,20b6d363-f4e6-472a-be06-871d6b3e5a14,10.0,2000000.0,223200,,,,,,,,,,
2026-01-28 14:32:07 UTC,152,7f365916-f19e-40b0-b559-17efb21cb048,Tyjae,Spears,TEN,RB,940ac931-599a-4035-81e5-79ee25688c62,c09305f6-fd86-4d9d-9f48-6c30decd59e0,,12,,The Big Board,20b6d363-f4e6-472a-be06-871d6b3e5a14,10.0,2000000.0,223200,,,,,,,,,,
2026-01-28 01:57:31 UTC,52,ecfeab79-505c-42b9-b0db-c0905139f8e1,Zay,Flowers,BAL,WR,eff292d5-2f28-4e7c-9a89-7b339f1eabcb,4da04a55-fc41-49d5-b1f6-264952312951,,12,,The Little Board,bd240943-36bf-459c-9c89-7d70301a50ac,3.0,500000.0,189000,,,,,,,,,,
2026-01-28 18:13:40 UTC,165,c9ee5554-33fc-4145-9ea3-b327726819f7,Alvin,Kamara,NO,RB,e8f4df1e-64d9-43f6-b5df-991ab592607b,1e7aa989-a3c6-4b56-8570-de971fad3cdd,,12,,The Little Board,bd240943-36bf-459c-9c89-7d70301a50ac,3.0,500000.0,189000,,,,,,,,,,
2026-02-03 14:17:56 UTC,27,812b5ae1-3e06-44b2-b67b-a82a49575f0d,Chris,Olave,NO,WR,e4d67d9b-bd69-4477-93d2-8581ee56352f,7d9a5107-4b02-4439-a9bc-35411fbfd678,,12,,The Big Board,20b6d363-f4e6-472a-be06-871d6b3e5a14,10.0,2000000.0,223200,,,,,,,,,,
2026-02-03 13:30:33 UTC,10,c3ac9e53-e016-45e7-863a-e109a88eaee2,James,Cook,BUF,RB,461d0180-1994-4801-84aa-b361a3a6e221,04e986ac-1577-4f4f-9e5b-be02d5af6368,,12,,The Big Board,20b6d363-f4e6-472a-be06-871d6b3e5a14,10.0,2000000.0,223200,,,,,,,,,,
2026-01-31 13:12:56 UTC,58,144022e3-3547-4059-b5cf-b2a351b22307,Drake,Maye,NE,QB,da80ae8b-be4e-4786-be12-acc8a8c25c7b,7216ec13-3cbc-433e-994d-566d8ed839c2,,12,,The Little Board,bd240943-36bf-459c-9c89-7d70301a50ac,3.0,500000.0,189000,,,,,,,,,,
2026-01-27 13:26:52 UTC,8,b4ef5d2e-dc01-4891-94bb-1014c7ad3ef5,Amon-Ra,St. Brown,DET,WR,f3fbc51f-fb4e-46e7-974f-4426e6480ea6,90c1eac1-4f1b-462a-a899-5e49b8c062f7,,12,,The Little Board,bd240943-36bf-459c-9c89-7d70301a50ac,3.0,500000.0,189000,,,,,,,,,,
2026-01-27 13:44:51 UTC,137,aa96e05d-a91a-4a80-91d6-32116d8374aa,Jerry,Jeudy,CLE,WR,f3fbc51f-fb4e-46e7-974f-4426e6480ea6,90c1eac1-4f1b-462a-a899-5e49b8c062f7,,12,,The Little Board,bd240943-36bf-459c-9c89-7d70301a50ac,3.0,500000.0,189000,,,,,,,,,,
2026-02-02 13:46:26 UTC,78,6e6ce49b-45e4-4f05-84ef-7ae66c1668e8,Parker,Washington,JAX,WR,38f305ad-70d7-4feb-8818-05d98a41b869,40794519-7680-4fc2-8771-5bff33279e18,,12,,The Big Board,20b6d363-f4e6-472a-be06-871d6b3e5a14,10.0,2000000.0,223200,,,,,,,,,,
2026-01-26 12:59:36 UTC,16,892ddb3f-d089-4247-82a9-1f66db8f3b8d,Ashton,Jeanty,LV,RB,f5142e73-a601-46ad-86a4-4010d2a30bd3,9f40af1c-5ecf-4bb4-b4d1-aad58e2e2368,,12,,The Little Board,bd240943-36bf-459c-9c89-7d70301a50ac,3.0,500000.0,189000,,,,,,,,,,
2026-02-03 13:55:10 UTC,159,08ad7286-4527-47ca-aaf8-ece58260721f,Brandon,Aiyuk,SF,WR,461d0180-1994-4801-84aa-b361a3a6e221,04e986ac-1577-4f4f-9e5b-be02d5af6368,,12,,The Big Board,20b6d363-f4e6-472a-be06-871d6b3e5a14,10.0,2000000.0,223200,,,,,,,,,,
2026-01-31 15:30:40 UTC,180,da3df14f-7e24-4905-82c8-b98bbd8a1f59,Michael,Penix,ATL,QB,5c26f432-5b60-4c94-828d-d48f63e00c83,85c38563-ed3e-4fff-903d-d71fa359f22d,,12,,The Big Board,20b6d363-f4e6-472a-be06-871d6b3e5a14,10.0,2000000.0,223200,,,,,,,,,,
2026-01-28 00:47:34 UTC,180,8951e1bb-aed2-40ff-9f40-f09197f7ffd2,Adonai,Mitchell,NYJ,WR,ecb65629-cbb5-4aed-980e-f5ab1d185ce0,74517ac1-f726-40d0-a1e6-026087b1a16a,,12,,The Little Board,bd240943-36bf-459c-9c89-7d70301a50ac,3.0,500000.0,189000,,,,,,,,,,
2026-01-28 14:25:17 UTC,113,afcbc726-e23f-447b-977e-1460016a2a86,Khalil,Shakir,BUF,WR,940ac931-599a-4035-81e5-79ee25688c62,c09305f6-fd86-4d9d-9f48-6c30decd59e0,,12,,The Big Board,20b6d363-f4e6-472a-be06-871d6b3e5a14,10.0,2000000.0,223200,,,,,,,,,,
2026-02-03 14:24:32 UTC,70,ea9c850d-105c-446b-b18d-f733550cb454,Jayden,Daniels,WAS,QB,e4d67d9b-bd69-4477-93d2-8581ee56352f,7d9a5107-4b02-4439-a9bc-35411fbfd678,,12,,The Big Board,20b6d363-f4e6-472a-be06-871d6b3e5a14,10.0,2000000.0,223200,,,,,,,,,,
2026-01-30 14:29:50 UTC,105,979a31b2-8567-4ca0-9cef-e3318c945141,Tyler,Allgeier,ATL,RB,deef49cc-6d4e-4308-8f8e-39fa99201fe3,127ee0f3-02a7-4b1f-a976-460dea99faab,,12,,The Little Board,bd240943-36bf-459c-9c89-7d70301a50ac,3.0,500000.0,189000,,,,,,,,,,
2026-02-01 14:58:02 UTC,84,cd2ef29a-f0ec-4c35-8ff9-7008459c9ea2,Stefon,Diggs,NE,WR,e3985829-d7ec-44d6-8028-ba04df25d1b4,abdf40e5-c953-47c5-a591-caad8c73c15f,,12,,The Big Board,20b6d363-f4e6-472a-be06-871d6b3e5a14,10.0,2000000.0,223200,,,,,,,,,,
2026-01-27 13:58:41 UTC,233,ee7eb028-bf93-4c90-82ce-caa15cb46285,Aaron,Rodgers,PIT,QB,f3fbc51f-fb4e-46e7-974f-4426e6480ea6,90c1eac1-4f1b-462a-a899-5e49b8c062f7,,12,,The Little Board,bd240943-36bf-459c-9c89-7d70301a50ac,3.0,500000.0,189000,,,,,,,,,,
2026-01-28 02:10:20 UTC,124,e2bd5fcd-3785-4515-b96f-f806ad46d4e5,Jordan,Addison,MIN,WR,eff292d5-2f28-4e7c-9a89-7b339f1eabcb,4da04a55-fc41-49d5-b1f6-264952312951,,12,,The Little Board,bd240943-36bf-459c-9c89-7d70301a50ac,3.0,500000.0,189000,,,,,,,,,,
2026-01-27 19:16:13 UTC,212,82392c97-a8fd-4cdb-9e8a-f47a9b1fde8d,Devaughn,Vele,NO,WR,f460750b-cac6-4de2-89a8-1c7e30e9d096,9f7b9910-d3cf-484d-8813-a10d6e93b9b0,,12,,The Little Board,bd240943-36bf-459c-9c89-7d70301a50ac,3.0,500000.0,189000,,,,,,,,,,
2026-01-27 13:41:13 UTC,113,74495a7e-40fd-4779-8599-af4dd40ec864,Brenton,Strange,JAX,TE,f3fbc51f-fb4e-46e7-974f-4426e6480ea6,90c1eac1-4f1b-462a-a899-5e49b8c062f7,,12,,The Little Board,bd240943-36bf-459c-9c89-7d70301a50ac,3.0,500000.0,189000,,,,,,,,,,
2026-01-27 13:46:38 UTC,152,af9d15c0-f214-4bdd-9127-78092bf6ed93,Sean,Tucker,TB,RB,f3fbc51f-fb4e-46e7-974f-4426e6480ea6,90c1eac1-4f1b-462a-a899-5e49b8c062f7,,12,,The Little Board,bd240943-36bf-459c-9c89-7d70301a50ac,3.0,500000.0,189000,,,,,,,,,,
2026-01-26 13:18:24 UTC,136,b4666b55-231e-4d43-9da1-bbf9a8ee45c8,Rashid,Shaheed,SEA,WR,f5142e73-a601-46ad-86a4-4010d2a30bd3,9f40af1c-5ecf-4bb4-b4d1-aad58e2e2368,,12,,The Little Board,bd240943-36bf-459c-9c89-7d70301a50ac,3.0,500000.0,189000,,,,,,,,,,
2026-01-27 13:34:23 UTC,65,be1270d5-0970-47e5-ae48-9a3fc9266d02,Jaylen,Waddle,MIA,WR,f3fbc51f-fb4e-46e7-974f-4426e6480ea6,90c1eac1-4f1b-462a-a899-5e49b8c062f7,,12,,The Little Board,bd240943-36bf-459c-9c89-7d70301a50ac,3.0,500000.0,189000,,,,,,,,,,
2026-01-26 13:07:42 UTC,64,ed1c88f0-ae86-4b31-91d8-177b0aae730d,Tyler,Warren,IND,TE,f5142e73-a601-46ad-86a4-4010d2a30bd3,9f40af1c-5ecf-4bb4-b4d1-aad58e2e2368,,12,,The Little Board,bd240943-36bf-459c-9c89-7d70301a50ac,3.0,500000.0,189000,,,,,,,,,,
2026-02-02 17:49:15 UTC,162,a66ec7fc-58bb-4cd1-9f45-bf10c950ff11,Travis,Kelce,KC,TE,ca8cedf2-7b5c-497f-8e1b-c3def65730b7,b9acd3af-9a5f-4886-931b-635f7fd622b5,,12,,The Little Board,bd240943-36bf-459c-9c89-7d70301a50ac,3.0,500000.0,189000,,,,,,,,,,
2026-01-28 00:32:53 UTC,84,d1284cb3-7f71-4d90-974d-ebbdcabdf985,Tucker,Kraft,GB,TE,ecb65629-cbb5-4aed-980e-f5ab1d185ce0,74517ac1-f726-40d0-a1e6-026087b1a16a,,12,,The Little Board,bd240943-36bf-459c-9c89-7d70301a50ac,3.0,500000.0,189000,,,,,,,,,,
2026-01-26 18:21:32 UTC,88,d0846f65-dc87-40a9-8bf1-13ce90a03876,Bhayshul,Tuten,JAX,RB,f7bd64c1-3935-423c-badb-1aa37a75ca6d,385fa962-b93a-4357-9338-7cba9a5b2826,,12,,The Little Board,bd240943-36bf-459c-9c89-7d70301a50ac,3.0,500000.0,189000,,,,,,,,,,
2026-02-03 14:05:49 UTC,231,50850985-55af-482d-9370-428721ca4099,Darius,Slayton,NYG,WR,461d0180-1994-4801-84aa-b361a3a6e221,04e986ac-1577-4f4f-9e5b-be02d5af6368,,12,,The Big Board,20b6d363-f4e6-472a-be06-871d6b3e5a14,10.0,2000000.0,223200,,,,,,,,,,
2026-01-28 00:24:51 UTC,36,30af81c9-3e2d-4c49-881b-4918b480d7e6,Breece,Hall,NYJ,RB,ecb65629-cbb5-4aed-980e-f5ab1d185ce0,74517ac1-f726-40d0-a1e6-026087b1a16a,,12,,The Little Board,bd240943-36bf-459c-9c89-7d70301a50ac,3.0,500000.0,189000,,,,,,,,,,
2026-01-28 14:44:39 UTC,233,0ef29b09-0865-46b0-b7a9-aadadac80139,Pat,Freiermuth,PIT,TE,940ac931-599a-4035-81e5-79ee25688c62,c09305f6-fd86-4d9d-9f48-6c30decd59e0,,12,,The Big Board,20b6d363-f4e6-472a-be06-871d6b3e5a14,10.0,2000000.0,223200,,,,,,,,,,
2026-02-02 17:35:23 UTC,66,280b225e-1d98-4ea0-8b96-d7d8a21da8ab,Caleb,Williams,CHI,QB,ca8cedf2-7b5c-497f-8e1b-c3def65730b7,b9acd3af-9a5f-4886-931b-635f7fd622b5,,12,,The Little Board,bd240943-36bf-459c-9c89-7d70301a50ac,3.0,500000.0,189000,,,,,,,,,,
2026-02-02 13:58:34 UTC,163,4f2c8803-164f-49bf-942d-ee6fc30c45da,Malik,Willis,GB,QB,38f305ad-70d7-4feb-8818-05d98a41b869,40794519-7680-4fc2-8771-5bff33279e18,,12,,The Big Board,20b6d363-f4e6-472a-be06-871d6b3e5a14,10.0,2000000.0,223200,,,,,,,,,,
2026-02-03 13:51:08 UTC,135,d866415f-1e04-46b0-b3c8-a7dcfcf10fb0,Jayden,Higgins,HOU,WR,461d0180-1994-4801-84aa-b361a3a6e221,04e986ac-1577-4f4f-9e5b-be02d5af6368,,12,,The Big Board,20b6d363-f4e6-472a-be06-871d6b3e5a14,10.0,2000000.0,223200,,,,,,,,,,
2026-01-26 18:32:24 UTC,160,ec3cc726-3a53-4fd6-a970-d7ae37c4f669,Rachaad,White,TB,RB,f7bd64c1-3935-423c-badb-1aa37a75ca6d,385fa962-b93a-4357-9338-7cba9a5b2826,,12,,The Little Board,bd240943-36bf-459c-9c89-7d70301a50ac,3.0,500000.0,189000,,,,,,,,,,
2026-02-03 13:57:46 UTC,178,a66ec7fc-58bb-4cd1-9f45-bf10c950ff11,Travis,Kelce,KC,TE,461d0180-1994-4801-84aa-b361a3a6e221,04e986ac-1577-4f4f-9e5b-be02d5af6368,,12,,The Big Board,20b6d363-f4e6-472a-be06-871d6b3e5a14,10.0,2000000.0,223200,,,,,,,,,,
2026-01-29 14:46:31 UTC,226,0ef29b09-0865-46b0-b7a9-aadadac80139,Pat,Freiermuth,PIT,TE,43c249d9-11a2-46fb-a00f-ccc26c7ec9c8,ef901ff3-3bab-4208-a8ee-c0fb604f7308,,12,,The Big Board,20b6d363-f4e6-472a-be06-871d6b3e5a14,10.0,2000000.0,223200,,,,,,,,,,
2026-01-27 18:50:30 UTC,68,c3d66be9-8247-4c7b-81e7-6d6df8b7c120,Joe,Burrow,CIN,QB,f460750b-cac6-4de2-89a8-1c7e30e9d096,9f7b9910-d3cf-484d-8813-a10d6e93b9b0,,12,,The Little Board,bd240943-36bf-459c-9c89-7d70301a50ac,3.0,500000.0,189000,,,,,,,,,,
2026-02-01 14:50:59 UTC,36,3059d122-5f7d-4cd6-bb6b-9aa1b0d70807,Tetairoa,McMillan,CAR,WR,e3985829-d7ec-44d6-8028-ba04df25d1b4,abdf40e5-c953-47c5-a591-caad8c73c15f,,12,,The Big Board,20b6d363-f4e6-472a-be06-871d6b3e5a14,10.0,2000000.0,223200,,,,,,,,,,
2026-01-28 17:52:46 UTC,21,dcf963bc-fd54-4af7-a736-91c4f03abb34,Omarion,Hampton,LAC,RB,e8f4df1e-64d9-43f6-b5df-991ab592607b,1e7aa989-a3c6-4b56-8570-de971fad3cdd,,12,,The Little Board,bd240943-36bf-459c-9c89-7d70301a50ac,3.0,500000.0,189000,,,,,,,,,,
2026-01-28 00:36:57 UTC,109,4438b894-698d-4155-be34-ec8081f3c14b,Jared,Goff,DET,QB,ecb65629-cbb5-4aed-980e-f5ab1d185ce0,74517ac1-f726-40d0-a1e6-026087b1a16a,,12,,The Little Board,bd240943-36bf-459c-9c89-7d70301a50ac,3.0,500000.0,189000,,,,,,,,,,
2026-01-28 17:50:24 UTC,4,eec15e8b-2a0d-4693-98b9-a64aeaf975d6,Jahmyr,Gibbs,DET,RB,e8f4df1e-64d9-43f6-b5df-991ab592607b,1e7aa989-a3c6-4b56-8570-de971fad3cdd,,12,,The Little Board,bd240943-36bf-459c-9c89-7d70301a50ac,3.0,500000.0,189000,,,,,,,,,,
2026-01-26 13:31:07 UTC,225,4aa469a8-84ad-4ffe-ab99-f9da87d7e315,David,Njoku,CLE,TE,f5142e73-a601-46ad-86a4-4010d2a30bd3,9f40af1c-5ecf-4bb4-b4d1-aad58e2e2368,,12,,The Little Board,bd240943-36bf-459c-9c89-7d70301a50ac,3.0,500000.0,189000,,,,,,,,,,
2026-01-31 15:16:15 UTC,85,d1284cb3-7f71-4d90-974d-ebbdcabdf985,Tucker,Kraft,GB,TE,5c26f432-5b60-4c94-828d-d48f63e00c83,85c38563-ed3e-4fff-903d-d71fa359f22d,,12,,The Big Board,20b6d363-f4e6-472a-be06-871d6b3e5a14,10.0,2000000.0,223200,,,,,,,,,,
2026-01-28 18:21:46 UTC,213,f5c3b5dd-014c-48cc-9244-f06aea227153,Jack,Bech,LV,WR,e8f4df1e-64d9-43f6-b5df-991ab592607b,1e7aa989-a3c6-4b56-8570-de971fad3cdd,,12,,The Little Board,bd240943-36bf-459c-9c89-7d70301a50ac,3.0,500000.0,189000,,,,,,,,,,
2026-01-30 14:41:43 UTC,184,8d11340a-42d3-42ee-aed4-4eba9d446760,Tank,Bigsby,PHI,RB,deef49cc-6d4e-4308-8f8e-39fa99201fe3,127ee0f3-02a7-4b1f-a976-460dea99faab,,12,,The Little Board,bd240943-36bf-459c-9c89-7d70301a50ac,3.0,500000.0,189000,,,,,,,,,,
2026-01-28 18:04:42 UTC,100,0d9a17d9-6ff8-465e-a04b-24f81ab6a06a,Sam,LaPorta,DET,TE,e8f4df1e-64d9-43f6-b5df-991ab592607b,1e7aa989-a3c6-4b56-8570-de971fad3cdd,,12,,The Little Board,bd240943-36bf-459c-9c89-7d70301a50ac,3.0,500000.0,189000,,,,,,,,,,
2026-01-26 18:41:19 UTC,225,03d512e1-4b72-4de1-8285-4350f37c9f63,Tua,Tagovailoa,MIA,QB,f7bd64c1-3935-423c-badb-1aa37a75ca6d,385fa962-b93a-4357-9338-7cba9a5b2826,,12,,The Little Board,bd240943-36bf-459c-9c89-7d70301a50ac,3.0,500000.0,189000,,,,,,,,,,
2026-02-02 13:51:55 UTC,115,62fa37cc-8a68-42e5-abe5-5bddd81891d8,Jayden,Reed,GB,WR,38f305ad-70d7-4feb-8818-05d98a41b869,40794519-7680-4fc2-8771-5bff33279e18,,12,,The Big Board,20b6d363-f4e6-472a-be06-871d6b3e5a14,10.0,2000000.0,223200,,,,,,,,,,
2026-01-31 15:27:05 UTC,156,7f365916-f19e-40b0-b559-17efb21cb048,Tyjae,Spears,TEN,RB,5c26f432-5b60-4c94-828d-d48f63e00c83,85c38563-ed3e-4fff-903d-d71fa359f22d,,12,,The Big Board,20b6d363-f4e6-472a-be06-871d6b3e5a14,10.0,2000000.0,223200,,,,,,,,,,
2026-01-28 18:15:03 UTC,172,fc569b39-da9b-4491-88a8-888f94ac25e0,Isaiah,Likely,BAL,TE,e8f4df1e-64d9-43f6-b5df-991ab592607b,1e7aa989-a3c6-4b56-8570-de971fad3cdd,,12,,The Little Board,bd240943-36bf-459c-9c89-7d70301a50ac,3.0,500000.0,189000,,,,,,,,,,
2026-01-26 18:31:33 UTC,153,6a95df23-02e5-4638-b3b8-58b8b095c3d3,Hunter,Henry,NE,TE,f7bd64c1-3935-423c-badb-1aa37a75ca6d,385fa962-b93a-4357-9338-7cba9a5b2826,,12,,The Little Board,bd240943-36bf-459c-9c89-7d70301a50ac,3.0,500000.0,189000,,,,,,,,,,
2026-01-31 13:06:04 UTC,15,9b6dc124-da44-441e-88b0-ca699dfe3be3,Malik,Nabers,NYG,WR,da80ae8b-be4e-4786-be12-acc8a8c25c7b,7216ec13-3cbc-433e-994d-566d8ed839c2,,12,,The Little Board,bd240943-36bf-459c-9c89-7d70301a50ac,3.0,500000.0,189000,,,,,,,,,,
2026-02-03 14:43:05 UTC,190,64d033c2-2401-4f22-8244-a19610338546,Nicholas,Singleton,,RB,e4d67d9b-bd69-4477-93d2-8581ee56352f,7d9a5107-4b02-4439-a9bc-35411fbfd678,,12,,The Big Board,20b6d363-f4e6-472a-be06-871d6b3e5a14,10.0,2000000.0,223200,,,,,,,,,,
2026-01-29 14:12:57 UTC,15,e43d5588-5eec-4ba9-9234-f4a2d4c734a0,Drake,London,ATL,WR,43c249d9-11a2-46fb-a00f-ccc26c7ec9c8,ef901ff3-3bab-4208-a8ee-c0fb604f7308,,12,,The Big Board,20b6d363-f4e6-472a-be06-871d6b3e5a14,10.0,2000000.0,223200,,,,,,,,,,
2026-01-30 14:19:09 UTC,40,18d8d9dd-938d-419e-b982-41cc6a8507ae,Garrett,Wilson,NYJ,WR,deef49cc-6d4e-4308-8f8e-39fa99201fe3,127ee0f3-02a7-4b1f-a976-460dea99faab,,12,,The Little Board,bd240943-36bf-459c-9c89-7d70301a50ac,3.0,500000.0,189000,,,,,,,,,,
2026-01-28 17:56:34 UTC,45,6f0a1ed6-9942-41f4-94aa-3067c110d0e2,Lamar,Jackson,BAL,QB,e8f4df1e-64d9-43f6-b5df-991ab592607b,1e7aa989-a3c6-4b56-8570-de971fad3cdd,,12,,The Little Board,bd240943-36bf-459c-9c89-7d70301a50ac,3.0,500000.0,189000,,,,,,,,,,
2026-02-03 13:50:17 UTC,130,a9799cdb-e946-427d-8ad6-f2416165c86c,Emmett,Johnson,,RB,461d0180-1994-4801-84aa-b361a3a6e221,04e986ac-1577-4f4f-9e5b-be02d5af6368,,12,,The Big Board,20b6d363-f4e6-472a-be06-871d6b3e5a14,10.0,2000000.0,223200,,,,,,,,,,
2026-02-02 13:35:00 UTC,6,93457447-77e6-4549-9b82-e31a83dbafef,Ja'Marr,Chase,CIN,WR,38f305ad-70d7-4feb-8818-05d98a41b869,40794519-7680-4fc2-8771-5bff33279e18,,12,,The Big Board,20b6d363-f4e6-472a-be06-871d6b3e5a14,10.0,2000000.0,223200,,,,,,,,,,
2026-01-29 14:43:59 UTC,207,6f9e6e76-0a18-420c-99c3-89b1ef220850,Ray,Davis,BUF,RB,43c249d9-11a2-46fb-a00f-ccc26c7ec9c8,ef901ff3-3bab-4208-a8ee-c0fb604f7308,,12,,The Big Board,20b6d363-f4e6-472a-be06-871d6b3e5a14,10.0,2000000.0,223200,,,,,,,,,,
2026-01-30 14:49:53 UTC,225,4e8b6a26-f015-4ac3-9614-43d47a520e45,Emanuel,Wilson,GB,RB,deef49cc-6d4e-4308-8f8e-39fa99201fe3,127ee0f3-02a7-4b1f-a976-460dea99faab,,12,,The Little Board,bd240943-36bf-459c-9c89-7d70301a50ac,3.0,500000.0,189000,,,,,,,,,,
2026-01-26 13:06:58 UTC,57,067a8cdc-ed3a-4bd7-8a89-7ec44e819aaf,Christian,Watson,GB,WR,f5142e73-a601-46ad-86a4-4010d2a30bd3,9f40af1c-5ecf-4bb4-b4d1-aad58e2e2368,,12,,The Little Board,bd240943-36bf-459c-9c89-7d70301a50ac,3.0,500000.0,189000,,,,,,,,,,
2026-01-28 01:53:52 UTC,28,3059d122-5f7d-4cd6-bb6b-9aa1b0d70807,Tetairoa,McMillan,CAR,WR,eff292d5-2f28-4e7c-9a89-7b339f1eabcb,4da04a55-fc41-49d5-b1f6-264952312951,,12,,The Little Board,bd240943-36bf-459c-9c89-7d70301a50ac,3.0,500000.0,189000,,,,,,,,,,
2026-01-31 13:23:52 UTC,130,a9799cdb-e946-427d-8ad6-f2416165c86c,Emmett,Johnson,,RB,da80ae8b-be4e-4786-be12-acc8a8c25c7b,7216ec13-3cbc-433e-994d-566d8ed839c2,,12,,The Little Board,bd240943-36bf-459c-9c89-7d70301a50ac,3.0,500000.0,189000,,,,,,,,,,
2026-01-30 13:54:31 UTC,143,68f1481d-0941-40aa-81ea-38f1e8705320,Tyrone,Tracy,NYG,RB,016e8908-e907-4c1c-883b-d736646ce60f,3c6a98ae-f55b-40f6-9f05-0bf7cb6f9c7f,,12,,The Big Board,20b6d363-f4e6-472a-be06-871d6b3e5a14,10.0,2000000.0,223200,,,,,,,,,,
2026-02-01 15:01:21 UTC,109,386c2f4c-5b7e-4244-af32-c9e80cc9c5cb,Jonah,Coleman,,RB,e3985829-d7ec-44d6-8028-ba04df25d1b4,abdf40e5-c953-47c5-a591-caad8c73c15f,,12,,The Big Board,20b6d363-f4e6-472a-be06-871d6b3e5a14,10.0,2000000.0,223200,,,,,,,,,,
2026-01-28 00:28:30 UTC,60,f8bd3794-6717-41fd-b5b2-11ed50be789f,Makai,Lemon,,WR,ecb65629-cbb5-4aed-980e-f5ab1d185ce0,74517ac1-f726-40d0-a1e6-026087b1a16a,,12,,The Little Board,bd240943-36bf-459c-9c89-7d70301a50ac,3.0,500000.0,189000,,,,,,,,,,
2026-02-01 14:54:58 UTC,61,85d6b2d5-0522-4145-ae29-49af4bbe69db,Justin,Herbert,LAC,QB,e3985829-d7ec-44d6-8028-ba04df25d1b4,abdf40e5-c953-47c5-a591-caad8c73c15f,,12,,The Big Board,20b6d363-f4e6-472a-be06-871d6b3e5a14,10.0,2000000.0,223200,,,,,,,,,,
2026-01-30 13:58:37 UTC,170,1fe6f38a-b63f-479a-939b-3dc73c8ffe79,Daniel,Jones,IND,QB,016e8908-e907-4c1c-883b-d736646ce60f,3c6a98ae-f55b-40f6-9f05-0bf7cb6f9c7f,,12,,The Big Board,20b6d363-f4e6-472a-be06-871d6b3e5a14,10.0,2000000.0,223200,,,,,,,,,,
2026-01-31 15:23:02 UTC,132,dbe7b16f-647e-4e19-a15b-2c885cede6b3,Kenneth,Gainwell,PIT,RB,5c26f432-5b60-4c94-828d-d48f63e00c83,85c38563-ed3e-4fff-903d-d71fa359f22d,,12,,The Big Board,20b6d363-f4e6-472a-be06-871d6b3e5a14,10.0,2000000.0,223200,,,,,,,,,,
2026-01-31 15:05:08 UTC,12,e43d5588-5eec-4ba9-9234-f4a2d4c734a0,Drake,London,ATL,WR,5c26f432-5b60-4c94-828d-d48f63e00c83,85c38563-ed3e-4fff-903d-d71fa359f22d,,12,,The Big Board,20b6d363-f4e6-472a-be06-871d6b3e5a14,10.0,2000000.0,223200,,,,,,,,,,
2026-02-02 13:38:36 UTC,30,812b5ae1-3e06-44b2-b67b-a82a49575f0d,Chris,Olave,NO,WR,38f305ad-70d7-4feb-8818-05d98a41b869,40794519-7680-4fc2-8771-5bff33279e18,,12,,The Big Board,20b6d363-f4e6-472a-be06-871d6b3e5a14,10.0,2000000.0,223200,,,,,,,,,,
2026-02-02 14:01:07 UTC,187,fc569b39-da9b-4491-88a8-888f94ac25e0,Isaiah,Likely,BAL,TE,38f305ad-70d7-4feb-8818-05d98a41b869,40794519-7680-4fc2-8771-5bff33279e18,,12,,The Big Board,20b6d363-f4e6-472a-be06-871d6b3e5a14,10.0,2000000.0,223200,,,,,,,,,,
2026-01-30 14:02:45 UTC,191,23f721b9-f916-4ed4-8686-0822322a46b1,Terrance,Ferguson,LAR,TE,016e8908-e907-4c1c-883b-d736646ce60f,3c6a98ae-f55b-40f6-9f05-0bf7cb6f9c7f,,12,,The Big Board,20b6d363-f4e6-472a-be06-871d6b3e5a14,10.0,2000000.0,223200,,,,,,,,,,
2026-02-03 14:00:56 UTC,202,8d11340a-42d3-42ee-aed4-4eba9d446760,Tank,Bigsby,PHI,RB,461d0180-1994-4801-84aa-b361a3a6e221,04e986ac-1577-4f4f-9e5b-be02d5af6368,,12,,The Big Board,20b6d363-f4e6-472a-be06-871d6b3e5a14,10.0,2000000.0,223200,,,,,,,,,,
2026-01-31 15:19:36 UTC,108,493029ea-6559-4da5-b912-89b4bc5a0fa0,Rico,Dowdle,CAR,RB,5c26f432-5b60-4c94-828d-d48f63e00c83,85c38563-ed3e-4fff-903d-d71fa359f22d,,12,,The Big Board,20b6d363-f4e6-472a-be06-871d6b3e5a14,10.0,2000000.0,223200,,,,,,,,,,
2026-01-30 13:47:23 UTC,98,86f1cc56-83b8-4011-b88b-0a9245e79865,Dak,Prescott,DAL,QB,016e8908-e907-4c1c-883b-d736646ce60f,3c6a98ae-f55b-40f6-9f05-0bf7cb6f9c7f,,12,,The Big Board,20b6d363-f4e6-472a-be06-871d6b3e5a14,10.0,2000000.0,223200,,,,,,,,,,
2026-02-03 13:58:20 UTC,183,da3df14f-7e24-4905-82c8-b98bbd8a1f59,Michael,Penix,ATL,QB,461d0180-1994-4801-84aa-b361a3a6e221,04e986ac-1577-4f4f-9e5b-be02d5af6368,,12,,The Big Board,20b6d363-f4e6-472a-be06-871d6b3e5a14,10.0,2000000.0,223200,,,,,,,,,,
2026-01-28 00:43:37 UTC,156,63e6cd88-ebad-4d92-9ca5-ac66bfdaf8a3,Tyreek,Hill,MIA,WR,ecb65629-cbb5-4aed-980e-f5ab1d185ce0,74517ac1-f726-40d0-a1e6-026087b1a16a,,12,,The Little Board,bd240943-36bf-459c-9c89-7d70301a50ac,3.0,500000.0,189000,,,,,,,,,,
2026-01-31 13:05:24 UTC,10,ef8f7b19-9e41-456e-889c-04843428131c,De'Von,Achane,MIA,RB,da80ae8b-be4e-4786-be12-acc8a8c25c7b,7216ec13-3cbc-433e-994d-566d8ed839c2,,12,,The Little Board,bd240943-36bf-459c-9c89-7d70301a50ac,3.0,500000.0,189000,,,,,,,,,,
2026-01-30 14:46:38 UTC,208,9b21104d-a923-480e-a63e-1255457ce242,Cade,Otton,TB,TE,deef49cc-6d4e-4308-8f8e-39fa99201fe3,127ee0f3-02a7-4b1f-a976-460dea99faab,,12,,The Little Board,bd240943-36bf-459c-9c89-7d70301a50ac,3.0,500000.0,189000,,,,,,,,,,
2026-01-27 19:07:02 UTC,164,de3a132b-38ff-4027-ac9b-07fdb60ea312,Calvin,Ridley,TEN,WR,f460750b-cac6-4de2-89a8-1c7e30e9d096,9f7b9910-d3cf-484d-8813-a10d6e93b9b0,,12,,The Little Board,bd240943-36bf-459c-9c89-7d70301a50ac,3.0,500000.0,189000,,,,,,,,,,
2026-02-02 17:45:49 UTC,138,8b9d0afa-ad57-445b-a29f-a8f4bd75b1b0,Deebo,Samuel,WAS,WR,ca8cedf2-7b5c-497f-8e1b-c3def65730b7,b9acd3af-9a5f-4886-931b-635f7fd622b5,,12,,The Little Board,bd240943-36bf-459c-9c89-7d70301a50ac,3.0,500000.0,189000,,,,,,,,,,
2026-01-31 15:27:11 UTC,157,c9ee5554-33fc-4145-9ea3-b327726819f7,Alvin,Kamara,NO,RB,5c26f432-5b60-4c94-828d-d48f63e00c83,85c38563-ed3e-4fff-903d-d71fa359f22d,,12,,The Big Board,20b6d363-f4e6-472a-be06-871d6b3e5a14,10.0,2000000.0,223200,,,,,,,,,,
2026-01-28 14:33:19 UTC,161,3487f7db-cd47-48fa-9bf7-d6fc4f581bb3,Aaron,Jones,MIN,RB,940ac931-599a-4035-81e5-79ee25688c62,c09305f6-fd86-4d9d-9f48-6c30decd59e0,,12,,The Big Board,20b6d363-f4e6-472a-be06-871d6b3e5a14,10.0,2000000.0,223200,,,,,,,,,,
2026-01-27 13:39:57 UTC,104,61b3a8ad-4ed1-4703-9727-243a27024147,Blake,Corum,LAR,RB,f3fbc51f-fb4e-46e7-974f-4426e6480ea6,90c1eac1-4f1b-462a-a899-5e49b8c062f7,,12,,The Little Board,bd240943-36bf-459c-9c89-7d70301a50ac,3.0,500000.0,189000,,,,,,,,,,
2026-01-30 13:55:12 UTC,146,0080fd75-8cb4-47fb-bd0c-ebaddb217186,Kenyon,Sadiq,,TE,016e8908-e907-4c1c-883b-d736646ce60f,3c6a98ae-f55b-40f6-9f05-0bf7cb6f9c7f,,12,,The Big Board,20b6d363-f4e6-472a-be06-871d6b3e5a14,10.0,2000000.0,223200,,,,,,,,,,
2026-01-27 13:57:22 UTC,224,60a15568-9b17-4917-8b41-86df4363cf5f,Christian,Kirk,HOU,WR,f3fbc51f-fb4e-46e7-974f-4426e6480ea6,90c1eac1-4f1b-462a-a899-5e49b8c062f7,,12,,The Little Board,bd240943-36bf-459c-9c89-7d70301a50ac,3.0,500000.0,189000,,,,,,,,,,
2026-01-28 00:24:53 UTC,37,c654b2ae-89e9-49f9-b3ed-0e84755449bc,Jameson,Williams,DET,WR,ecb65629-cbb5-4aed-980e-f5ab1d185ce0,74517ac1-f726-40d0-a1e6-026087b1a16a,,12,,The Little Board,bd240943-36bf-459c-9c89-7d70301a50ac,3.0,500000.0,189000,,,,,,,,,,
2026-02-03 14:04:46 UTC,226,577d1148-51f9-499a-b885-856a9d29af76,Mike,Washington Jr.,,RB,461d0180-1994-4801-84aa-b361a3a6e221,04e986ac-1577-4f4f-9e5b-be02d5af6368,,12,,The Big Board,20b6d363-f4e6-472a-be06-871d6b3e5a14,10.0,2000000.0,223200,,,,,,,,,,
2026-01-27 19:09:19 UTC,173,ffcb1d52-297b-4a07-917a-85eeb6e55600,Dalton,Schultz,HOU,TE,f460750b-cac6-4de2-89a8-1c7e30e9d096,9f7b9910-d3cf-484d-8813-a10d6e93b9b0,,12,,The Little Board,bd240943-36bf-459c-9c89-7d70301a50ac,3.0,500000.0,189000,,,,,,,,,,
2026-01-30 13:32:00 UTC,2,4ddd8cfb-b50e-4272-bb28-5eab5f1c926a,Puka,Nacua,LAR,WR,016e8908-e907-4c1c-883b-d736646ce60f,3c6a98ae-f55b-40f6-9f05-0bf7cb6f9c7f,,12,,The Big Board,20b6d363-f4e6-472a-be06-871d6b3e5a14,10.0,2000000.0,223200,,,,,,,,,,
2026-01-28 14:15:09 UTC,41,18d8d9dd-938d-419e-b982-41cc6a8507ae,Garrett,Wilson,NYJ,WR,940ac931-599a-4035-81e5-79ee25688c62,c09305f6-fd86-4d9d-9f48-6c30decd59e0,,12,,The Big Board,20b6d363-f4e6-472a-be06-871d6b3e5a14,10.0,2000000.0,223200,,,,,,,,,,
2026-01-27 13:53:35 UTC,200,9b21104d-a923-480e-a63e-1255457ce242,Cade,Otton,TB,TE,f3fbc51f-fb4e-46e7-974f-4426e6480ea6,90c1eac1-4f1b-462a-a899-5e49b8c062f7,,12,,The Little Board,bd240943-36bf-459c-9c89-7d70301a50ac,3.0,500000.0,189000,,,,,,,,,,
2026-01-31 15:34:54 UTC,204,a5e721fb-ff37-4e01-82fc-2a59cc74d201,Jaydon,Blue,DAL,RB,5c26f432-5b60-4c94-828d-d48f63e00c83,85c38563-ed3e-4fff-903d-d71fa359f22d,,12,,The Big Board,20b6d363-f4e6-472a-be06-871d6b3e5a14,10.0,2000000.0,223200,,,,,,,,,,
2026-01-29 14:36:12 UTC,159,af9d15c0-f214-4bdd-9127-78092bf6ed93,Sean,Tucker,TB,RB,43c249d9-11a2-46fb-a00f-ccc26c7ec9c8,ef901ff3-3bab-4208-a8ee-c0fb604f7308,,12,,The Big Board,20b6d363-f4e6-472a-be06-871d6b3e5a14,10.0,2000000.0,223200,,,,,,,,,,
2026-01-31 15:12:35 UTC,61,f8bd3794-6717-41fd-b5b2-11ed50be789f,Makai,Lemon,,WR,5c26f432-5b60-4c94-828d-d48f63e00c83,85c38563-ed3e-4fff-903d-d71fa359f22d,,12,,The Big Board,20b6d363-f4e6-472a-be06-871d6b3e5a14,10.0,2000000.0,223200,,,,,,,,,,
2026-02-02 17:57:18 UTC,210,7d4a34b2-a0df-467f-bc7c-06cf8d8eb5e9,Zachariah,Branch,,WR,ca8cedf2-7b5c-497f-8e1b-c3def65730b7,b9acd3af-9a5f-4886-931b-635f7fd622b5,,12,,The Little Board,bd240943-36bf-459c-9c89-7d70301a50ac,3.0,500000.0,189000,,,,,,,,,,
2026-02-03 13:53:53 UTC,154,90ee5a59-5b0b-4b64-a075-3376298908fd,James,Conner,ARI,RB,461d0180-1994-4801-84aa-b361a3a6e221,04e986ac-1577-4f4f-9e5b-be02d5af6368,,12,,The Big Board,20b6d363-f4e6-472a-be06-871d6b3e5a14,10.0,2000000.0,223200,,,,,,,,,,
2026-02-03 14:20:42 UTC,46,da3b7413-c653-46d4-abae-1b539138525f,Colston,Loveland,CHI,TE,e4d67d9b-bd69-4477-93d2-8581ee56352f,7d9a5107-4b02-4439-a9bc-35411fbfd678,,12,,The Big Board,20b6d363-f4e6-472a-be06-871d6b3e5a14,10.0,2000000.0,223200,,,,,,,,,,
2026-01-27 18:41:18 UTC,20,dcf963bc-fd54-4af7-a736-91c4f03abb34,Omarion,Hampton,LAC,RB,f460750b-cac6-4de2-89a8-1c7e30e9d096,9f7b9910-d3cf-484d-8813-a10d6e93b9b0,,12,,The Little Board,bd240943-36bf-459c-9c89-7d70301a50ac,3.0,500000.0,189000,,,,,,,,,,
2026-01-30 14:34:08 UTC,136,dbe7b16f-647e-4e19-a15b-2c885cede6b3,Kenneth,Gainwell,PIT,RB,deef49cc-6d4e-4308-8f8e-39fa99201fe3,127ee0f3-02a7-4b1f-a976-460dea99faab,,12,,The Little Board,bd240943-36bf-459c-9c89-7d70301a50ac,3.0,500000.0,189000,,,,,,,,,,
2026-01-28 00:28:43 UTC,61,e0d405cf-c879-4d4e-bad3-29d42c1e2287,Terry,McLaurin,WAS,WR,ecb65629-cbb5-4aed-980e-f5ab1d185ce0,74517ac1-f726-40d0-a1e6-026087b1a16a,,12,,The Little Board,bd240943-36bf-459c-9c89-7d70301a50ac,3.0,500000.0,189000,,,,,,,,,,
2026-02-01 14:54:50 UTC,60,144022e3-3547-4059-b5cf-b2a351b22307,Drake,Maye,NE,QB,e3985829-d7ec-44d6-8028-ba04df25d1b4,abdf40e5-c953-47c5-a591-caad8c73c15f,,12,,The Big Board,20b6d363-f4e6-472a-be06-871d6b3e5a14,10.0,2000000.0,223200,,,,,,,,,,
2026-01-27 13:31:21 UTC,41,776df2a6-bc3c-4f42-9f57-aedcfc7b7b89,TreVeyon,Henderson,NE,RB,f3fbc51f-fb4e-46e7-974f-4426e6480ea6,90c1eac1-4f1b-462a-a899-5e49b8c062f7,,12,,The Little Board,bd240943-36bf-459c-9c89-7d70301a50ac,3.0,500000.0,189000,,,,,,,,,,
2026-01-28 00:21:20 UTC,13,ad9c279e-9352-4475-8beb-06f169e19532,Trey,McBride,ARI,TE,ecb65629-cbb5-4aed-980e-f5ab1d185ce0,74517ac1-f726-40d0-a1e6-026087b1a16a,,12,,The Little Board,bd240943-36bf-459c-9c89-7d70301a50ac,3.0,500000.0,189000,,,,,,,,,,
2026-01-28 00:43:48 UTC,157,b13d044a-3962-457d-9f4d-0e2af119d723,Kyler,Murray,ARI,QB,ecb65629-cbb5-4aed-980e-f5ab1d185ce0,74517ac1-f726-40d0-a1e6-026087b1a16a,,12,,The Little Board,bd240943-36bf-459c-9c89-7d70301a50ac,3.0,500000.0,189000,,,,,,,,,,
2026-01-30 14:30:28 UTC,112,b8453ed0-6d82-4474-a108-128336891830,Jalen,Coker,CAR,WR,deef49cc-6d4e-4308-8f8e-39fa99201fe3,127ee0f3-02a7-4b1f-a976-460dea99faab,,12,,The Little Board,bd240943-36bf-459c-9c89-7d70301a50ac,3.0,500000.0,189000,,,,,,,,,,
2026-01-28 00:36:52 UTC,108,493029ea-6559-4da5-b912-89b4bc5a0fa0,Rico,Dowdle,CAR,RB,ecb65629-cbb5-4aed-980e-f5ab1d185ce0,74517ac1-f726-40d0-a1e6-026087b1a16a,,12,,The Little Board,bd240943-36bf-459c-9c89-7d70301a50ac,3.0,500000.0,189000,,,,,,,,,,
2026-01-26 13:02:53 UTC,33,42ec90ff-787a-4076-91ca-f5bb2e54aac2,Bucky,Irving,TB,RB,f5142e73-a601-46ad-86a4-4010d2a30bd3,9f40af1c-5ecf-4bb4-b4d1-aad58e2e2368,,12,,The Little Board,bd240943-36bf-459c-9c89-7d70301a50ac,3.0,500000.0,189000,,,,,,,,,,
2026-02-03 14:36:24 UTC,147,c9ee5554-33fc-4145-9ea3-b327726819f7,Alvin,Kamara,NO,RB,e4d67d9b-bd69-4477-93d2-8581ee56352f,7d9a5107-4b02-4439-a9bc-35411fbfd678,,12,,The Big Board,20b6d363-f4e6-472a-be06-871d6b3e5a14,10.0,2000000.0,223200,,,,,,,,,,
2026-01-31 13:35:54 UTC,202,92a05258-57c1-4d3a-8afa-df85fee7446e,Chris,Brazzell II,,WR,da80ae8b-be4e-4786-be12-acc8a8c25c7b,7216ec13-3cbc-433e-994d-566d8ed839c2,,12,,The Little Board,bd240943-36bf-459c-9c89-7d70301a50ac,3.0,500000.0,189000,,,,,,,,,,
2026-01-29 14:42:44 UTC,202,464c09a2-80a0-4712-8950-ed00e93f22a8,Elic,Ayomanor,TEN,WR,43c249d9-11a2-46fb-a00f-ccc26c7ec9c8,ef901ff3-3bab-4208-a8ee-c0fb604f7308,,12,,The Big Board,20b6d363-f4e6-472a-be06-871d6b3e5a14,10.0,2000000.0,223200,,,,,,,,,,
2026-01-31 13:13:44 UTC,63,4341a6d5-b166-4357-aa45-51540a3d9a93,Javonte,Williams,DAL,RB,da80ae8b-be4e-4786-be12-acc8a8c25c7b,7216ec13-3cbc-433e-994d-566d8ed839c2,,12,,The Little Board,bd240943-36bf-459c-9c89-7d70301a50ac,3.0,500000.0,189000,,,,,,,,,,
2026-01-31 15:30:42 UTC,181,f3350e4c-a3bf-496c-97ee-3433f7794553,Troy,Franklin,DEN,WR,5c26f432-5b60-4c94-828d-d48f63e00c83,85c38563-ed3e-4fff-903d-d71fa359f22d,,12,,The Big Board,20b6d363-f4e6-472a-be06-871d6b3e5a14,10.0,2000000.0,223200,,,,,,,,,,
2026-01-28 18:07:22 UTC,117,8b9d0afa-ad57-445b-a29f-a8f4bd75b1b0,Deebo,Samuel,WAS,WR,e8f4df1e-64d9-43f6-b5df-991ab592607b,1e7aa989-a3c6-4b56-8570-de971fad3cdd,,12,,The Little Board,bd240943-36bf-459c-9c89-7d70301a50ac,3.0,500000.0,189000,,,,,,,,,,
2026-01-30 14:40:47 UTC,177,6da1b155-129e-427c-bc9c-1e20b0e34e03,Theo,Johnson,NYG,TE,deef49cc-6d4e-4308-8f8e-39fa99201fe3,127ee0f3-02a7-4b1f-a976-460dea99faab,,12,,The Little Board,bd240943-36bf-459c-9c89-7d70301a50ac,3.0,500000.0,189000,,,,,,,,,,
2026-02-03 14:17:06 UTC,22,d081b2f7-180c-49a4-bf3e-4968e14d68c0,George,Pickens,DAL,WR,e4d67d9b-bd69-4477-93d2-8581ee56352f,7d9a5107-4b02-4439-a9bc-35411fbfd678,,12,,The Big Board,20b6d363-f4e6-472a-be06-871d6b3e5a14,10.0,2000000.0,223200,,,,,,,,,,
2026-01-31 15:05:20 UTC,13,e5983c62-d05a-44e6-934a-5049f8e0a222,Brock,Bowers,LV,TE,5c26f432-5b60-4c94-828d-d48f63e00c83,85c38563-ed3e-4fff-903d-d71fa359f22d,,12,,The Big Board,20b6d363-f4e6-472a-be06-871d6b3e5a14,10.0,2000000.0,223200,,,,,,,,,,
2026-01-26 13:14:03 UTC,105,62fa37cc-8a68-42e5-abe5-5bddd81891d8,Jayden,Reed,GB,WR,f5142e73-a601-46ad-86a4-4010d2a30bd3,9f40af1c-5ecf-4bb4-b4d1-aad58e2e2368,,12,,The Little Board,bd240943-36bf-459c-9c89-7d70301a50ac,3.0,500000.0,189000,,,,,,,,,,
2026-01-31 13:08:56 UTC,34,954b5774-5af5-4c48-b550-30050b8f0c51,Ladd,McConkey,LAC,WR,da80ae8b-be4e-4786-be12-acc8a8c25c7b,7216ec13-3cbc-433e-994d-566d8ed839c2,,12,,The Little Board,bd240943-36bf-459c-9c89-7d70301a50ac,3.0,500000.0,189000,,,,,,,,,,
2026-01-28 14:21:51 UTC,89,e266ed22-3721-426c-8e56-05fcc34a2ee4,Tony,Pollard,TEN,RB,940ac931-599a-4035-81e5-79ee25688c62,c09305f6-fd86-4d9d-9f48-6c30decd59e0,,12,,The Big Board,20b6d363-f4e6-472a-be06-871d6b3e5a14,10.0,2000000.0,223200,,,,,,,,,,
2026-01-29 14:19:31 UTC,58,e0d405cf-c879-4d4e-bad3-29d42c1e2287,Terry,McLaurin,WAS,WR,43c249d9-11a2-46fb-a00f-ccc26c7ec9c8,ef901ff3-3bab-4208-a8ee-c0fb604f7308,,12,,The Big Board,20b6d363-f4e6-472a-be06-871d6b3e5a14,10.0,2000000.0,223200,,,,,,,,,,
2026-01-28 01:52:56 UTC,21,d9bc59e1-760b-4d26-bea7-7cb38a713b75,Jeremiyah,Love,,RB,eff292d5-2f28-4e7c-9a89-7b339f1eabcb,4da04a55-fc41-49d5-b1f6-264952312951,,12,,The Little Board,bd240943-36bf-459c-9c89-7d70301a50ac,3.0,500000.0,189000,,,,,,,,,,
2026-01-30 14:45:32 UTC,201,7d4a34b2-a0df-467f-bc7c-06cf8d8eb5e9,Zachariah,Branch,,WR,deef49cc-6d4e-4308-8f8e-39fa99201fe3,127ee0f3-02a7-4b1f-a976-460dea99faab,,12,,The Little Board,bd240943-36bf-459c-9c89-7d70301a50ac,3.0,500000.0,189000,,,,,,,,,,
2026-01-28 14:36:50 UTC,185,326bb735-d387-45b4-86bd-66066b01fd9d,Tre,Tucker,LV,WR,940ac931-599a-4035-81e5-79ee25688c62,c09305f6-fd86-4d9d-9f48-6c30decd59e0,,12,,The Big Board,20b6d363-f4e6-472a-be06-871d6b3e5a14,10.0,2000000.0,223200,,,,,,,,,,
2026-01-26 18:16:42 UTC,57,59ae90e9-5932-417d-be7a-99338960e9f0,Quinshon,Judkins,CLE,RB,f7bd64c1-3935-423c-badb-1aa37a75ca6d,385fa962-b93a-4357-9338-7cba9a5b2826,,12,,The Little Board,bd240943-36bf-459c-9c89-7d70301a50ac,3.0,500000.0,189000,,,,,,,,,,
2026-01-27 19:20:14 UTC,236,7be5aa07-458c-4718-891e-de1729d9c937,Mike,Gesicki,CIN,TE,f460750b-cac6-4de2-89a8-1c7e30e9d096,9f7b9910-d3cf-484d-8813-a10d6e93b9b0,,12,,The Little Board,bd240943-36bf-459c-9c89-7d70301a50ac,3.0,500000.0,189000,,,,,,,,,,
2026-01-28 14:17:18 UTC,56,9a699b6c-b060-4d9c-b8d0-b5c0b3f054c6,Emeka,Egbuka,TB,WR,940ac931-599a-4035-81e5-79ee25688c62,c09305f6-fd86-4d9d-9f48-6c30decd59e0,,12,,The Big Board,20b6d363-f4e6-472a-be06-871d6b3e5a14,10.0,2000000.0,223200,,,,,,,,,,
2026-01-28 00:32:56 UTC,85,ba0bdd0d-d7b7-4fd1-a64f-bd51f64dbdac,Jaylen,Warren,PIT,RB,ecb65629-cbb5-4aed-980e-f5ab1d185ce0,74517ac1-f726-40d0-a1e6-026087b1a16a,,12,,The Little Board,bd240943-36bf-459c-9c89-7d70301a50ac,3.0,500000.0,189000,,,,,,,,,,
2026-02-02 13:36:30 UTC,19,9c056ba5-502c-4584-85e2-e605ff46b47a,Saquon,Barkley,PHI,RB,38f305ad-70d7-4feb-8818-05d98a41b869,40794519-7680-4fc2-8771-5bff33279e18,,12,,The Big Board,20b6d363-f4e6-472a-be06-871d6b3e5a14,10.0,2000000.0,223200,,,,,,,,,,
2026-02-03 14:01:55 UTC,207,9b21104d-a923-480e-a63e-1255457ce242,Cade,Otton,TB,TE,461d0180-1994-4801-84aa-b361a3a6e221,04e986ac-1577-4f4f-9e5b-be02d5af6368,,12,,The Big Board,20b6d363-f4e6-472a-be06-871d6b3e5a14,10.0,2000000.0,223200,,,,,,,,,,
2026-01-30 14:06:02 UTC,215,d84bc886-2afe-4653-ae09-9c51f182c3f1,Ryan,Flournoy,DAL,WR,016e8908-e907-4c1c-883b-d736646ce60f,3c6a98ae-f55b-40f6-9f05-0bf7cb6f9c7f,,12,,The Big Board,20b6d363-f4e6-472a-be06-871d6b3e5a14,10.0,2000000.0,223200,,,,,,,,,,
2026-02-02 17:47:25 UTC,151,8db463f0-b707-4138-8478-12cf8cb837d0,Romeo,Doubs,GB,WR,ca8cedf2-7b5c-497f-8e1b-c3def65730b7,b9acd3af-9a5f-4886-931b-635f7fd622b5,,12,,The Little Board,bd240943-36bf-459c-9c89-7d70301a50ac,3.0,500000.0,189000,,,,,,,,,,
2026-01-28 18:00:14 UTC,69,ea9c850d-105c-446b-b18d-f733550cb454,Jayden,Daniels,WAS,QB,e8f4df1e-64d9-43f6-b5df-991ab592607b,1e7aa989-a3c6-4b56-8570-de971fad3cdd,,12,,The Little Board,bd240943-36bf-459c-9c89-7d70301a50ac,3.0,500000.0,189000,,,,,,,,,,
2026-01-26 18:27:57 UTC,129,0080fd75-8cb4-47fb-bd0c-ebaddb217186,Kenyon,Sadiq,,TE,f7bd64c1-3935-423c-badb-1aa37a75ca6d,385fa962-b93a-4357-9338-7cba9a5b2826,,12,,The Little Board,bd240943-36bf-459c-9c89-7d70301a50ac,3.0,500000.0,189000,,,,,,,,,,
2026-02-03 14:14:29 UTC,3,4ddd8cfb-b50e-4272-bb28-5eab5f1c926a,Puka,Nacua,LAR,WR,e4d67d9b-bd69-4477-93d2-8581ee56352f,7d9a5107-4b02-4439-a9bc-35411fbfd678,,12,,The Big Board,20b6d363-f4e6-472a-be06-871d6b3e5a14,10.0,2000000.0,223200,,,,,,,,,,
2026-01-27 19:13:26 UTC,197,326bb735-d387-45b4-86bd-66066b01fd9d,Tre,Tucker,LV,WR,f460750b-cac6-4de2-89a8-1c7e30e9d096,9f7b9910-d3cf-484d-8813-a10d6e93b9b0,,12,,The Little Board,bd240943-36bf-459c-9c89-7d70301a50ac,3.0,500000.0,189000,,,,,,,,,,
2026-01-31 15:09:00 UTC,37,c654b2ae-89e9-49f9-b3ed-0e84755449bc,Jameson,Williams,DET,WR,5c26f432-5b60-4c94-828d-d48f63e00c83,85c38563-ed3e-4fff-903d-d71fa359f22d,,12,,The Big Board,20b6d363-f4e6-472a-be06-871d6b3e5a14,10.0,2000000.0,223200,,,,,,,,,,
2026-01-28 14:14:24 UTC,32,48f8d8a8-d81d-4def-84e0-7090805333fe,Josh,Allen,BUF,QB,940ac931-599a-4035-81e5-79ee25688c62,c09305f6-fd86-4d9d-9f48-6c30decd59e0,,12,,The Big Board,20b6d363-f4e6-472a-be06-871d6b3e5a14,10.0,2000000.0,223200,,,,,,,,,,
2026-01-31 15:23:03 UTC,133,a9799cdb-e946-427d-8ad6-f2416165c86c,Emmett,Johnson,,RB,5c26f432-5b60-4c94-828d-d48f63e00c83,85c38563-ed3e-4fff-903d-d71fa359f22d,,12,,The Big Board,20b6d363-f4e6-472a-be06-871d6b3e5a14,10.0,2000000.0,223200,,,,,,,,,,